{
  "timelineObjects" : [ {
    "activitySegment" : {
      "startLocation" : {
        "latitudeE7" : 128888447,
        "longitudeE7" : 748629105,
        "sourceInfo" : {
          "deviceTag" : -1399941663
        }
      },
      "endLocation" : {
        "latitudeE7" : 128894615,
        "longitudeE7" : 748211422,
        "sourceInfo" : {
          "deviceTag" : -1399941663
        }
      },
      "duration" : {
        "startTimestampMs" : "1589546502417",
        "endTimestampMs" : "1589547617588"
      },
      "distance" : 4694,
      "activityType" : "IN_PASSENGER_VEHICLE",
      "confidence" : "HIGH",
      "activities" : [ {
        "activityType" : "IN_PASSENGER_VEHICLE",
        "probability" : 97.31667637825012
      }, {
        "activityType" : "WALKING",
        "probability" : 1.0915671475231647
      }, {
        "activityType" : "MOTORCYCLING",
        "probability" : 0.8055535145103931
      }, {
        "activityType" : "STILL",
        "probability" : 0.44221035204827785
      }, {
        "activityType" : "CYCLING",
        "probability" : 0.19765386823564768
      }, {
        "activityType" : "IN_BUS",
        "probability" : 0.052784348372370005
      }, {
        "activityType" : "RUNNING",
        "probability" : 0.03895206027664244
      }, {
        "activityType" : "IN_FERRY",
        "probability" : 0.021691681467927992
      }, {
        "activityType" : "FLYING",
        "probability" : 0.01706229813862592
      }, {
        "activityType" : "IN_TRAIN",
        "probability" : 0.006342065898934379
      }, {
        "activityType" : "SKIING",
        "probability" : 0.004707130210590549
      }, {
        "activityType" : "SAILING",
        "probability" : 0.0035902765375794843
      }, {
        "activityType" : "IN_TRAM",
        "probability" : 6.780230251024477E-4
      }, {
        "activityType" : "IN_SUBWAY",
        "probability" : 5.13427221449092E-4
      }, {
        "activityType" : "IN_VEHICLE",
        "probability" : 1.3124511610840273E-5
      } ],
      "waypointPath" : {
        "waypoints" : [ {
          "latE7" : 128888463,
          "lngE7" : 748629074
        }, {
          "latE7" : 128839807,
          "lngE7" : 748638229
        }, {
          "latE7" : 128896074,
          "lngE7" : 748212585
        } ]
      },
      "parkingEvent" : {
        "timestampMs" : "1589547672694",
        "location" : {
          "latitudeE7" : 128896790,
          "longitudeE7" : 748206153,
          "accuracyMetres" : 13
        }
      }
    }
  }, {
    "placeVisit" : {
      "location" : {
        "latitudeE7" : 128893897,
        "longitudeE7" : 748215318,
        "placeId" : "ChIJ-RRqh4taozsRh795cra5lC4",
        "address" : "Sultan Battery Rd\nGandhinagar\nMangalore, Karnataka\nIndia",
        "name" : "Sulthan Battery Bus Stop",
        "sourceInfo" : {
          "deviceTag" : -1399941663
        },
        "locationConfidence" : 34.49976
      },
      "duration" : {
        "startTimestampMs" : "1589547617588",
        "endTimestampMs" : "1589548423000"
      },
      "placeConfidence" : "LOW_CONFIDENCE",
      "centerLatE7" : 128896039,
      "centerLngE7" : 748207272,
      "visitConfidence" : 91,
      "otherCandidateLocations" : [ {
        "latitudeE7" : 128890879,
        "longitudeE7" : 748203820,
        "placeId" : "ChIJM5spYoxaozsRboMWSh4iB_o",
        "locationConfidence" : 32.763924
      }, {
        "latitudeE7" : 128892261,
        "longitudeE7" : 748204994,
        "placeId" : "ChIJpSiXY4xaozsRq2EK0luFuUQ",
        "locationConfidence" : 12.182937
      }, {
        "latitudeE7" : 128897531,
        "longitudeE7" : 748210875,
        "placeId" : "ChIJOcQf1ytbozsRDZTfz2ZstXw",
        "locationConfidence" : 4.297497
      }, {
        "latitudeE7" : 128889170,
        "longitudeE7" : 748211240,
        "placeId" : "ChIJ6_mzgIxaozsRxcJUxssWOOc",
        "locationConfidence" : 2.9670663
      }, {
        "latitudeE7" : 128894660,
        "longitudeE7" : 748215153,
        "placeId" : "ChIJh8wZd3ZbozsRbYCRQjcAkgU",
        "locationConfidence" : 2.6171823
      }, {
        "latitudeE7" : 128897736,
        "longitudeE7" : 748216424,
        "placeId" : "ChIJq6z7Hm5bozsR27tuKMlL4ZM",
        "locationConfidence" : 2.5872006
      }, {
        "latitudeE7" : 128890790,
        "longitudeE7" : 748212102,
        "placeId" : "ChIJlRyTzUdbozsRHxxexmxGoNI",
        "locationConfidence" : 2.1722949
      }, {
        "latitudeE7" : 128882466,
        "longitudeE7" : 748203958,
        "placeId" : "ChIJWzmYxqlbozsRiGoVUYKZoBE",
        "locationConfidence" : 1.5442885
      }, {
        "latitudeE7" : 128884362,
        "longitudeE7" : 748211016,
        "placeId" : "ChIJHQZfLzxbozsRCFKXDW55mSw",
        "locationConfidence" : 1.4936857
      } ],
      "editConfirmationStatus" : "NOT_CONFIRMED"
    }
  }, {
    "activitySegment" : {
      "startLocation" : {
        "latitudeE7" : 128895568,
        "longitudeE7" : 748209284,
        "sourceInfo" : {
          "deviceTag" : -1399941663
        }
      },
      "endLocation" : {
        "latitudeE7" : 128886487,
        "longitudeE7" : 748629591,
        "sourceInfo" : {
          "deviceTag" : -1399941663
        }
      },
      "duration" : {
        "startTimestampMs" : "1589548423000",
        "endTimestampMs" : "1589549670073"
      },
      "distance" : 4758,
      "activityType" : "IN_PASSENGER_VEHICLE",
      "confidence" : "HIGH",
      "activities" : [ {
        "activityType" : "IN_PASSENGER_VEHICLE",
        "probability" : 94.8329746723175
      }, {
        "activityType" : "STILL",
        "probability" : 1.834501139819622
      }, {
        "activityType" : "WALKING",
        "probability" : 1.7889650538563728
      }, {
        "activityType" : "MOTORCYCLING",
        "probability" : 1.112112682312727
      }, {
        "activityType" : "CYCLING",
        "probability" : 0.24202382192015648
      }, {
        "activityType" : "RUNNING",
        "probability" : 0.07371625397354364
      }, {
        "activityType" : "IN_FERRY",
        "probability" : 0.03415062674321234
      }, {
        "activityType" : "FLYING",
        "probability" : 0.029450361034832895
      }, {
        "activityType" : "IN_BUS",
        "probability" : 0.02856325008906424
      }, {
        "activityType" : "SKIING",
        "probability" : 0.00936695869313553
      }, {
        "activityType" : "SAILING",
        "probability" : 0.008070169133134186
      }, {
        "activityType" : "IN_TRAIN",
        "probability" : 0.004652951247408055
      }, {
        "activityType" : "IN_SUBWAY",
        "probability" : 7.70769747759914E-4
      }, {
        "activityType" : "IN_TRAM",
        "probability" : 6.610774562432198E-4
      }, {
        "activityType" : "IN_VEHICLE",
        "probability" : 1.7583657552222576E-5
      } ],
      "waypointPath" : {
        "waypoints" : [ {
          "latE7" : 128896141,
          "lngE7" : 748208465
        }, {
          "latE7" : 128908567,
          "lngE7" : 748540496
        }, {
          "latE7" : 128886203,
          "lngE7" : 748629837
        } ]
      },
      "parkingEvent" : {
        "timestampMs" : "1589549684799",
        "location" : {
          "latitudeE7" : 128886583,
          "longitudeE7" : 748629568,
          "accuracyMetres" : 37
        }
      }
    }
  }, {
    "placeVisit" : {
      "location" : {
        "latitudeE7" : 128891859,
        "longitudeE7" : 748635259,
        "placeId" : "ChIJZYJODBhaozsRdmp0TurVoyA",
        "address" : "Shradhananda Ashram Road\nPadua\nnear Padua College\nKadri Hills, Kadri\nMangalore, Karnataka 575005\nIndia",
        "name" : "Eden Aquatic and Sports Foundations",
        "semanticType" : "TYPE_HOME",
        "sourceInfo" : {
          "deviceTag" : -1399941663
        },
        "locationConfidence" : 88.44897
      },
      "duration" : {
        "startTimestampMs" : "1589549670073",
        "endTimestampMs" : "1590573821805"
      },
      "placeConfidence" : "HIGH_CONFIDENCE",
      "centerLatE7" : 128888319,
      "centerLngE7" : 748629013,
      "visitConfidence" : 91,
      "otherCandidateLocations" : [ {
        "latitudeE7" : 128890200,
        "longitudeE7" : 748629490,
        "placeId" : "ChIJN50sBBhaozsRa7xlVLZE8KY",
        "semanticType" : "TYPE_SEARCHED_ADDRESS",
        "locationConfidence" : 5.183859
      }, {
        "latitudeE7" : 128891920,
        "longitudeE7" : 748628830,
        "placeId" : "ChIJpYzzBBhaozsRG8sordzEw5o",
        "semanticType" : "TYPE_SEARCHED_ADDRESS",
        "locationConfidence" : 2.689121
      }, {
        "latitudeE7" : 128875092,
        "longitudeE7" : 748617924,
        "placeId" : "ChIJD3baTj1aozsRJDU2VRkyBxM",
        "semanticType" : "TYPE_SEARCHED_ADDRESS",
        "locationConfidence" : 1.2227398
      }, {
        "latitudeE7" : 128886989,
        "longitudeE7" : 748629702,
        "placeId" : "ChIJE5-HSGFbozsRAJkMiD4bPoM",
        "locationConfidence" : 0.87895864
      }, {
        "latitudeE7" : 128897660,
        "longitudeE7" : 748631980,
        "placeId" : "ChIJ4apFFxhaozsRIcwPA3QgrtY",
        "semanticType" : "TYPE_SEARCHED_ADDRESS",
        "locationConfidence" : 0.6720501
      } ],
      "editConfirmationStatus" : "NOT_CONFIRMED"
    }
  }, {
    "activitySegment" : {
      "startLocation" : {
        "latitudeE7" : 128889635,
        "longitudeE7" : 748628078,
        "sourceInfo" : {
          "deviceTag" : -1399941663
        }
      },
      "endLocation" : {
        "latitudeE7" : 128885690,
        "longitudeE7" : 748631069,
        "sourceInfo" : {
          "deviceTag" : -1399941663
        }
      },
      "duration" : {
        "startTimestampMs" : "1590573821805",
        "endTimestampMs" : "1590576117624"
      },
      "distance" : 3627,
      "activityType" : "WALKING",
      "confidence" : "MEDIUM",
      "activities" : [ {
        "activityType" : "WALKING",
        "probability" : 71.47632837295532
      }, {
        "activityType" : "IN_PASSENGER_VEHICLE",
        "probability" : 17.57263094186783
      }, {
        "activityType" : "MOTORCYCLING",
        "probability" : 3.7755563855171204
      }, {
        "activityType" : "STILL",
        "probability" : 2.960587665438652
      }, {
        "activityType" : "CYCLING",
        "probability" : 1.957554928958416
      }, {
        "activityType" : "RUNNING",
        "probability" : 1.5647921711206436
      }, {
        "activityType" : "IN_BUS",
        "probability" : 0.41954456828534603
      }, {
        "activityType" : "FLYING",
        "probability" : 0.08781116921454668
      }, {
        "activityType" : "IN_TRAIN",
        "probability" : 0.06615003803744912
      }, {
        "activityType" : "IN_FERRY",
        "probability" : 0.06519308080896735
      }, {
        "activityType" : "IN_SUBWAY",
        "probability" : 0.03131687408313155
      }, {
        "activityType" : "SAILING",
        "probability" : 0.013399458839558065
      }, {
        "activityType" : "SKIING",
        "probability" : 0.0074592026066966355
      }, {
        "activityType" : "IN_TRAM",
        "probability" : 0.0010891880265262444
      }, {
        "activityType" : "IN_VEHICLE",
        "probability" : 5.791826424683677E-4
      } ],
      "waypointPath" : {
        "waypoints" : [ {
          "latE7" : 128889703,
          "lngE7" : 748628158
        }, {
          "latE7" : 128886814,
          "lngE7" : 748630599
        }, {
          "latE7" : 128886556,
          "lngE7" : 748630294
        } ]
      }
    }
  }, {
    "placeVisit" : {
      "location" : {
        "latitudeE7" : 128891859,
        "longitudeE7" : 748635259,
        "placeId" : "ChIJZYJODBhaozsRdmp0TurVoyA",
        "address" : "Shradhananda Ashram Road\nPadua\nnear Padua College\nKadri Hills, Kadri\nMangalore, Karnataka 575005\nIndia",
        "name" : "Eden Aquatic and Sports Foundations",
        "semanticType" : "TYPE_HOME",
        "sourceInfo" : {
          "deviceTag" : -1399941663
        },
        "locationConfidence" : 89.717735
      },
      "duration" : {
        "startTimestampMs" : "1590576117624",
        "endTimestampMs" : "1591102136693"
      },
      "placeConfidence" : "HIGH_CONFIDENCE",
      "centerLatE7" : 128888361,
      "centerLngE7" : 748628589,
      "visitConfidence" : 85,
      "otherCandidateLocations" : [ {
        "latitudeE7" : 128890200,
        "longitudeE7" : 748629490,
        "placeId" : "ChIJN50sBBhaozsRa7xlVLZE8KY",
        "semanticType" : "TYPE_SEARCHED_ADDRESS",
        "locationConfidence" : 4.6185904
      }, {
        "latitudeE7" : 128891920,
        "longitudeE7" : 748628830,
        "placeId" : "ChIJpYzzBBhaozsRG8sordzEw5o",
        "semanticType" : "TYPE_SEARCHED_ADDRESS",
        "locationConfidence" : 2.4465601
      }, {
        "latitudeE7" : 128875092,
        "longitudeE7" : 748617924,
        "placeId" : "ChIJD3baTj1aozsRJDU2VRkyBxM",
        "semanticType" : "TYPE_SEARCHED_ADDRESS",
        "locationConfidence" : 1.2845544
      }, {
        "latitudeE7" : 128897660,
        "longitudeE7" : 748631980,
        "placeId" : "ChIJ4apFFxhaozsRIcwPA3QgrtY",
        "semanticType" : "TYPE_SEARCHED_ADDRESS",
        "locationConfidence" : 0.6090871
      }, {
        "latitudeE7" : 128886989,
        "longitudeE7" : 748629702,
        "placeId" : "ChIJE5-HSGFbozsRAJkMiD4bPoM",
        "locationConfidence" : 0.47763887
      } ],
      "editConfirmationStatus" : "NOT_CONFIRMED"
    }
  } ]
}