{
  "timelineObjects" : [ {
    "activitySegment" : {
      "startLocation" : {
        "latitudeE7" : 128888464,
        "longitudeE7" : 748629053,
        "sourceInfo" : {
          "deviceTag" : -1399941663
        }
      },
      "endLocation" : {
        "latitudeE7" : 129395122,
        "longitudeE7" : 748700035,
        "sourceInfo" : {
          "deviceTag" : -1399941663
        }
      },
      "duration" : {
        "startTimestampMs" : "1591102136693",
        "endTimestampMs" : "1591103691000"
      },
      "distance" : 6836,
      "activityType" : "IN_PASSENGER_VEHICLE",
      "confidence" : "HIGH",
      "activities" : [ {
        "activityType" : "IN_PASSENGER_VEHICLE",
        "probability" : 94.85320448875427
      }, {
        "activityType" : "WALKING",
        "probability" : 2.281061001121998
      }, {
        "activityType" : "STILL",
        "probability" : 1.2517720460891724
      }, {
        "activityType" : "MOTORCYCLING",
        "probability" : 1.1581560596823692
      }, {
        "activityType" : "CYCLING",
        "probability" : 0.21262611262500286
      }, {
        "activityType" : "IN_BUS",
        "probability" : 0.06491475505754352
      }, {
        "activityType" : "RUNNING",
        "probability" : 0.06342330016195774
      }, {
        "activityType" : "IN_FERRY",
        "probability" : 0.04792038816958666
      }, {
        "activityType" : "FLYING",
        "probability" : 0.046143526560626924
      }, {
        "activityType" : "IN_TRAIN",
        "probability" : 0.0072886359703261405
      }, {
        "activityType" : "SAILING",
        "probability" : 0.006219865463208407
      }, {
        "activityType" : "SKIING",
        "probability" : 0.005665330900228582
      }, {
        "activityType" : "IN_SUBWAY",
        "probability" : 8.678581252752338E-4
      }, {
        "activityType" : "IN_TRAM",
        "probability" : 7.095634828147013E-4
      }, {
        "activityType" : "IN_VEHICLE",
        "probability" : 2.3404105320423696E-5
      } ],
      "waypointPath" : {
        "waypoints" : [ {
          "latE7" : 128888473,
          "lngE7" : 748629074
        }, {
          "latE7" : 128839807,
          "lngE7" : 748638229
        }, {
          "latE7" : 128879489,
          "lngE7" : 748607177
        }, {
          "latE7" : 129264793,
          "lngE7" : 748577346
        }, {
          "latE7" : 129395542,
          "lngE7" : 748700103
        } ]
      },
      "simplifiedRawPath" : {
        "points" : [ {
          "latE7" : 128876514,
          "lngE7" : 748606415,
          "timestampMs" : "1591102624113",
          "accuracyMeters" : 33
        } ]
      },
      "parkingEvent" : {
        "timestampMs" : "1591103704490",
        "location" : {
          "latitudeE7" : 129395416,
          "longitudeE7" : 748700543,
          "accuracyMetres" : 13
        }
      }
    }
  }, {
    "placeVisit" : {
      "location" : {
        "latitudeE7" : 129386275,
        "longitudeE7" : 748700965,
        "placeId" : "ChIJUfZACMxQozsRWuFLAV3AIwE",
        "address" : "Maravoor Proper\nBajpe Proper, Karnataka 574142\nIndia",
        "name" : "Maravoor Dam",
        "sourceInfo" : {
          "deviceTag" : -1399941663
        },
        "locationConfidence" : 100.0
      },
      "duration" : {
        "startTimestampMs" : "1591103691000",
        "endTimestampMs" : "1591104166000"
      },
      "placeConfidence" : "HIGH_CONFIDENCE",
      "centerLatE7" : 129389957,
      "centerLngE7" : 748700929,
      "visitConfidence" : 82,
      "editConfirmationStatus" : "NOT_CONFIRMED"
    }
  }, {
    "activitySegment" : {
      "startLocation" : {
        "latitudeE7" : 129384249,
        "longitudeE7" : 748700370,
        "sourceInfo" : {
          "deviceTag" : -1399941663
        }
      },
      "endLocation" : {
        "latitudeE7" : 128888448,
        "longitudeE7" : 748629114,
        "sourceInfo" : {
          "deviceTag" : -1399941663
        }
      },
      "duration" : {
        "startTimestampMs" : "1591104166000",
        "endTimestampMs" : "1591108773505"
      },
      "distance" : 6949,
      "activityType" : "IN_PASSENGER_VEHICLE",
      "confidence" : "HIGH",
      "activities" : [ {
        "activityType" : "IN_PASSENGER_VEHICLE",
        "probability" : 90.18250107765198
      }, {
        "activityType" : "STILL",
        "probability" : 5.730288475751877
      }, {
        "activityType" : "WALKING",
        "probability" : 2.3218072950839996
      }, {
        "activityType" : "MOTORCYCLING",
        "probability" : 1.1693011038005352
      }, {
        "activityType" : "CYCLING",
        "probability" : 0.2561075845733285
      }, {
        "activityType" : "RUNNING",
        "probability" : 0.1252979738637805
      }, {
        "activityType" : "IN_FERRY",
        "probability" : 0.07713796803727746
      }, {
        "activityType" : "FLYING",
        "probability" : 0.07148957229219377
      }, {
        "activityType" : "IN_BUS",
        "probability" : 0.027195442817173898
      }, {
        "activityType" : "SAILING",
        "probability" : 0.01882769138319418
      }, {
        "activityType" : "SKIING",
        "probability" : 0.011861446546390653
      }, {
        "activityType" : "IN_TRAIN",
        "probability" : 0.00668058346491307
      }, {
        "activityType" : "IN_SUBWAY",
        "probability" : 9.256138582713902E-4
      }, {
        "activityType" : "IN_TRAM",
        "probability" : 5.46114961252897E-4
      }, {
        "activityType" : "IN_VEHICLE",
        "probability" : 2.9257952860461955E-5
      } ],
      "waypointPath" : {
        "waypoints" : [ {
          "latE7" : 129395151,
          "lngE7" : 748702392
        }, {
          "latE7" : 129271593,
          "lngE7" : 748575744
        }, {
          "latE7" : 128888425,
          "lngE7" : 748629150
        } ]
      },
      "parkingEvent" : {
        "timestampMs" : "1591108899950",
        "location" : {
          "latitudeE7" : 128888460,
          "longitudeE7" : 748629120,
          "accuracyMetres" : 74
        }
      }
    }
  }, {
    "placeVisit" : {
      "location" : {
        "latitudeE7" : 128891859,
        "longitudeE7" : 748635259,
        "placeId" : "ChIJZYJODBhaozsRdmp0TurVoyA",
        "address" : "Shradhananda Ashram Road\nPadua\nnear Padua College\nKadri Hills, Kadri\nMangalore, Karnataka 575005\nIndia",
        "name" : "Eden Aquatic and Sports Foundations",
        "semanticType" : "TYPE_HOME",
        "sourceInfo" : {
          "deviceTag" : -1399941663
        },
        "locationConfidence" : 86.802864
      },
      "duration" : {
        "startTimestampMs" : "1591108773505",
        "endTimestampMs" : "1591541329021"
      },
      "placeConfidence" : "HIGH_CONFIDENCE",
      "centerLatE7" : 128888556,
      "centerLngE7" : 748629617,
      "visitConfidence" : 84,
      "otherCandidateLocations" : [ {
        "latitudeE7" : 128890200,
        "longitudeE7" : 748629490,
        "placeId" : "ChIJN50sBBhaozsRa7xlVLZE8KY",
        "semanticType" : "TYPE_SEARCHED_ADDRESS",
        "locationConfidence" : 6.258744
      }, {
        "latitudeE7" : 128891920,
        "longitudeE7" : 748628830,
        "placeId" : "ChIJpYzzBBhaozsRG8sordzEw5o",
        "semanticType" : "TYPE_SEARCHED_ADDRESS",
        "locationConfidence" : 3.014295
      }, {
        "latitudeE7" : 128875092,
        "longitudeE7" : 748617924,
        "placeId" : "ChIJD3baTj1aozsRJDU2VRkyBxM",
        "semanticType" : "TYPE_SEARCHED_ADDRESS",
        "locationConfidence" : 1.2854134
      }, {
        "latitudeE7" : 128886989,
        "longitudeE7" : 748629702,
        "placeId" : "ChIJE5-HSGFbozsRAJkMiD4bPoM",
        "locationConfidence" : 0.8729602
      }, {
        "latitudeE7" : 128897660,
        "longitudeE7" : 748631980,
        "placeId" : "ChIJ4apFFxhaozsRIcwPA3QgrtY",
        "semanticType" : "TYPE_SEARCHED_ADDRESS",
        "locationConfidence" : 0.7711241
      }, {
        "latitudeE7" : 128877655,
        "longitudeE7" : 748610544,
        "placeId" : "ChIJKxTBQj1aozsRZfw7XKSjtm0",
        "locationConfidence" : 0.5539855
      } ],
      "editConfirmationStatus" : "NOT_CONFIRMED"
    }
  }, {
    "activitySegment" : {
      "startLocation" : {
        "latitudeE7" : 128889919,
        "longitudeE7" : 748627660,
        "sourceInfo" : {
          "deviceTag" : -1399941663
        }
      },
      "endLocation" : {
        "latitudeE7" : 128878590,
        "longitudeE7" : 748567149,
        "sourceInfo" : {
          "deviceTag" : -1399941663
        }
      },
      "duration" : {
        "startTimestampMs" : "1591541329021",
        "endTimestampMs" : "1591541620583"
      },
      "distance" : 667,
      "activityType" : "IN_PASSENGER_VEHICLE",
      "confidence" : "HIGH",
      "activities" : [ {
        "activityType" : "IN_PASSENGER_VEHICLE",
        "probability" : 86.98375225067139
      }, {
        "activityType" : "MOTORCYCLING",
        "probability" : 6.973458081483841
      }, {
        "activityType" : "WALKING",
        "probability" : 5.145851895213127
      }, {
        "activityType" : "CYCLING",
        "probability" : 0.2675035735592246
      }, {
        "activityType" : "STILL",
        "probability" : 0.19746553152799606
      }, {
        "activityType" : "RUNNING",
        "probability" : 0.1755468430928886
      }, {
        "activityType" : "FLYING",
        "probability" : 0.13343103928491473
      }, {
        "activityType" : "IN_FERRY",
        "probability" : 0.07884317892603576
      }, {
        "activityType" : "IN_BUS",
        "probability" : 0.03156740858685225
      }, {
        "activityType" : "SAILING",
        "probability" : 0.006580100307473913
      }, {
        "activityType" : "SKIING",
        "probability" : 0.0028044158170814626
      }, {
        "activityType" : "IN_TRAIN",
        "probability" : 0.0024124170522554778
      }, {
        "activityType" : "IN_SUBWAY",
        "probability" : 7.376791472779587E-4
      }, {
        "activityType" : "IN_TRAM",
        "probability" : 4.167984855030227E-5
      }, {
        "activityType" : "IN_VEHICLE",
        "probability" : 3.53244615780568E-6
      } ],
      "waypointPath" : {
        "waypoints" : [ {
          "latE7" : 128890104,
          "lngE7" : 748627929
        }, {
          "latE7" : 128838853,
          "lngE7" : 748635482
        }, {
          "latE7" : 128879671,
          "lngE7" : 748567276
        } ]
      },
      "parkingEvent" : {
        "timestampMs" : "1591541709528",
        "location" : {
          "latitudeE7" : 128878904,
          "longitudeE7" : 748566979,
          "accuracyMetres" : 106
        }
      }
    }
  }, {
    "placeVisit" : {
      "location" : {
        "latitudeE7" : 128879399,
        "longitudeE7" : 748561325,
        "placeId" : "ChIJccvEHRZaozsRArMPHdHkDUM",
        "address" : "Park Rd\nKadri Hills, Kadri\nMangalore, Karnataka 575004\nIndia",
        "name" : "Dinki Dine veg.restaurant",
        "sourceInfo" : {
          "deviceTag" : -1399941663
        },
        "locationConfidence" : 89.218025
      },
      "duration" : {
        "startTimestampMs" : "1591541620583",
        "endTimestampMs" : "1591543716511"
      },
      "placeConfidence" : "MEDIUM_CONFIDENCE",
      "centerLatE7" : 128878605,
      "centerLngE7" : 748566658,
      "visitConfidence" : 95,
      "otherCandidateLocations" : [ {
        "latitudeE7" : 128881672,
        "longitudeE7" : 748555723,
        "placeId" : "ChIJkXb0BD5aozsR8PjcK7X1U8U",
        "locationConfidence" : 9.500754
      }, {
        "latitudeE7" : 128859041,
        "longitudeE7" : 748551257,
        "placeId" : "ChIJAQAAUD5aozsRylUJOLJm6vE",
        "locationConfidence" : 0.36459303
      }, {
        "latitudeE7" : 128881309,
        "longitudeE7" : 748558305,
        "placeId" : "ChIJbX25ebVbozsRwXEt9YmpEL0",
        "locationConfidence" : 0.17903426
      }, {
        "latitudeE7" : 128853639,
        "longitudeE7" : 748566149,
        "placeId" : "ChIJwUy9KjxaozsR3vsz6reZ2Cg",
        "locationConfidence" : 0.13213572
      } ],
      "editConfirmationStatus" : "NOT_CONFIRMED"
    }
  }, {
    "activitySegment" : {
      "startLocation" : {
        "latitudeE7" : 128878638,
        "longitudeE7" : 748567079,
        "sourceInfo" : {
          "deviceTag" : -1399941663
        }
      },
      "endLocation" : {
        "latitudeE7" : 128886575,
        "longitudeE7" : 748629851,
        "sourceInfo" : {
          "deviceTag" : -1399941663
        }
      },
      "duration" : {
        "startTimestampMs" : "1591543716511",
        "endTimestampMs" : "1591543967622"
      },
      "distance" : 686,
      "activityType" : "IN_PASSENGER_VEHICLE",
      "confidence" : "HIGH",
      "activities" : [ {
        "activityType" : "IN_PASSENGER_VEHICLE",
        "probability" : 89.43601846694946
      }, {
        "activityType" : "MOTORCYCLING",
        "probability" : 5.617222934961319
      }, {
        "activityType" : "WALKING",
        "probability" : 4.019144922494888
      }, {
        "activityType" : "CYCLING",
        "probability" : 0.4224875010550022
      }, {
        "activityType" : "STILL",
        "probability" : 0.21210925187915564
      }, {
        "activityType" : "IN_BUS",
        "probability" : 0.09580106707289815
      }, {
        "activityType" : "RUNNING",
        "probability" : 0.08018040098249912
      }, {
        "activityType" : "IN_FERRY",
        "probability" : 0.05775593454018235
      }, {
        "activityType" : "FLYING",
        "probability" : 0.048087985487654805
      }, {
        "activityType" : "IN_TRAIN",
        "probability" : 0.004495695611694828
      }, {
        "activityType" : "SAILING",
        "probability" : 0.00315316065098159
      }, {
        "activityType" : "SKIING",
        "probability" : 0.002689403663680423
      }, {
        "activityType" : "IN_SUBWAY",
        "probability" : 7.116781944205286E-4
      }, {
        "activityType" : "IN_TRAM",
        "probability" : 1.322004891335382E-4
      }, {
        "activityType" : "IN_VEHICLE",
        "probability" : 9.683444091024285E-6
      } ],
      "waypointPath" : {
        "waypoints" : [ {
          "latE7" : 128879680,
          "lngE7" : 748567199
        }, {
          "latE7" : 128878736,
          "lngE7" : 748609466
        }, {
          "latE7" : 128886356,
          "lngE7" : 748630065
        } ]
      },
      "parkingEvent" : {
        "timestampMs" : "1591544031359",
        "location" : {
          "latitudeE7" : 128887048,
          "longitudeE7" : 748629657,
          "accuracyMetres" : 79
        }
      }
    }
  }, {
    "placeVisit" : {
      "location" : {
        "latitudeE7" : 128891859,
        "longitudeE7" : 748635259,
        "placeId" : "ChIJZYJODBhaozsRdmp0TurVoyA",
        "address" : "Shradhananda Ashram Road\nPadua\nnear Padua College\nKadri Hills, Kadri\nMangalore, Karnataka 575005\nIndia",
        "name" : "Eden Aquatic and Sports Foundations",
        "semanticType" : "TYPE_HOME",
        "sourceInfo" : {
          "deviceTag" : -1399941663
        },
        "locationConfidence" : 90.165886
      },
      "duration" : {
        "startTimestampMs" : "1591543967622",
        "endTimestampMs" : "1592111261281"
      },
      "placeConfidence" : "HIGH_CONFIDENCE",
      "centerLatE7" : 128888392,
      "centerLngE7" : 748628693,
      "visitConfidence" : 90,
      "otherCandidateLocations" : [ {
        "latitudeE7" : 128890200,
        "longitudeE7" : 748629490,
        "placeId" : "ChIJN50sBBhaozsRa7xlVLZE8KY",
        "semanticType" : "TYPE_SEARCHED_ADDRESS",
        "locationConfidence" : 4.6569133
      }, {
        "latitudeE7" : 128891920,
        "longitudeE7" : 748628830,
        "placeId" : "ChIJpYzzBBhaozsRG8sordzEw5o",
        "semanticType" : "TYPE_SEARCHED_ADDRESS",
        "locationConfidence" : 2.3012173
      }, {
        "latitudeE7" : 128875092,
        "longitudeE7" : 748617924,
        "placeId" : "ChIJD3baTj1aozsRJDU2VRkyBxM",
        "semanticType" : "TYPE_SEARCHED_ADDRESS",
        "locationConfidence" : 1.0730257
      }, {
        "latitudeE7" : 128886989,
        "longitudeE7" : 748629702,
        "placeId" : "ChIJE5-HSGFbozsRAJkMiD4bPoM",
        "locationConfidence" : 0.60854733
      }, {
        "latitudeE7" : 128897660,
        "longitudeE7" : 748631980,
        "placeId" : "ChIJ4apFFxhaozsRIcwPA3QgrtY",
        "semanticType" : "TYPE_SEARCHED_ADDRESS",
        "locationConfidence" : 0.53633124
      } ],
      "editConfirmationStatus" : "NOT_CONFIRMED"
    }
  }, {
    "activitySegment" : {
      "startLocation" : {
        "latitudeE7" : 128886672,
        "longitudeE7" : 748629391,
        "sourceInfo" : {
          "deviceTag" : -1399941663
        }
      },
      "endLocation" : {
        "latitudeE7" : 128886683,
        "longitudeE7" : 748629453,
        "sourceInfo" : {
          "deviceTag" : -1399941663
        }
      },
      "duration" : {
        "startTimestampMs" : "1592111261281",
        "endTimestampMs" : "1592142429109"
      },
      "distance" : 126663,
      "activityType" : "IN_PASSENGER_VEHICLE",
      "confidence" : "HIGH",
      "activities" : [ {
        "activityType" : "IN_PASSENGER_VEHICLE",
        "probability" : 88.87699842453003
      }, {
        "activityType" : "STILL",
        "probability" : 7.792004942893982
      }, {
        "activityType" : "WALKING",
        "probability" : 1.568453200161457
      }, {
        "activityType" : "MOTORCYCLING",
        "probability" : 0.8925820700824261
      }, {
        "activityType" : "IN_BUS",
        "probability" : 0.3735762322321534
      }, {
        "activityType" : "IN_FERRY",
        "probability" : 0.19173977198079228
      }, {
        "activityType" : "CYCLING",
        "probability" : 0.17433315515518188
      }, {
        "activityType" : "FLYING",
        "probability" : 0.06597672472707927
      }, {
        "activityType" : "RUNNING",
        "probability" : 0.037103958311490715
      }, {
        "activityType" : "IN_TRAIN",
        "probability" : 0.011223079491173849
      }, {
        "activityType" : "SKIING",
        "probability" : 0.008768132101977244
      }, {
        "activityType" : "SAILING",
        "probability" : 0.005405013507697731
      }, {
        "activityType" : "IN_TRAM",
        "probability" : 8.756258466746658E-4
      }, {
        "activityType" : "IN_SUBWAY",
        "probability" : 8.61165244714357E-4
      }, {
        "activityType" : "IN_VEHICLE",
        "probability" : 9.185395697386411E-5
      } ],
      "waypointPath" : {
        "waypoints" : [ {
          "latE7" : 128886175,
          "lngE7" : 748629837
        }, {
          "latE7" : 128839807,
          "lngE7" : 748638229
        }, {
          "latE7" : 128879671,
          "lngE7" : 748567276
        } ]
      },
      "parkingEvent" : {
        "timestampMs" : "1592142461338",
        "location" : {
          "latitudeE7" : 128887123,
          "longitudeE7" : 748629368,
          "accuracyMetres" : 29
        }
      }
    }
  }, {
    "placeVisit" : {
      "location" : {
        "latitudeE7" : 128891859,
        "longitudeE7" : 748635259,
        "placeId" : "ChIJZYJODBhaozsRdmp0TurVoyA",
        "address" : "Shradhananda Ashram Road\nPadua\nnear Padua College\nKadri Hills, Kadri\nMangalore, Karnataka 575005\nIndia",
        "name" : "Eden Aquatic and Sports Foundations",
        "semanticType" : "TYPE_HOME",
        "sourceInfo" : {
          "deviceTag" : -1399941663
        },
        "locationConfidence" : 86.730095
      },
      "duration" : {
        "startTimestampMs" : "1592142429109",
        "endTimestampMs" : "1594313948333"
      },
      "placeConfidence" : "HIGH_CONFIDENCE",
      "centerLatE7" : 128888759,
      "centerLngE7" : 748629330,
      "visitConfidence" : 89,
      "otherCandidateLocations" : [ {
        "latitudeE7" : 128890200,
        "longitudeE7" : 748629490,
        "placeId" : "ChIJN50sBBhaozsRa7xlVLZE8KY",
        "semanticType" : "TYPE_SEARCHED_ADDRESS",
        "locationConfidence" : 6.2465363
      }, {
        "latitudeE7" : 128891920,
        "longitudeE7" : 748628830,
        "placeId" : "ChIJpYzzBBhaozsRG8sordzEw5o",
        "semanticType" : "TYPE_SEARCHED_ADDRESS",
        "locationConfidence" : 2.9054425
      }, {
        "latitudeE7" : 128886989,
        "longitudeE7" : 748629702,
        "placeId" : "ChIJE5-HSGFbozsRAJkMiD4bPoM",
        "locationConfidence" : 1.3449596
      }, {
        "latitudeE7" : 128875092,
        "longitudeE7" : 748617924,
        "placeId" : "ChIJD3baTj1aozsRJDU2VRkyBxM",
        "semanticType" : "TYPE_SEARCHED_ADDRESS",
        "locationConfidence" : 1.215887
      }, {
        "latitudeE7" : 128897660,
        "longitudeE7" : 748631980,
        "placeId" : "ChIJ4apFFxhaozsRIcwPA3QgrtY",
        "semanticType" : "TYPE_SEARCHED_ADDRESS",
        "locationConfidence" : 0.78049576
      } ],
      "editConfirmationStatus" : "NOT_CONFIRMED"
    }
  } ]
}