{
  "timelineObjects" : [ {
    "activitySegment" : {
      "startLocation" : {
        "latitudeE7" : 128888555,
        "longitudeE7" : 748628143
      },
      "endLocation" : {
        "latitudeE7" : 128888098,
        "longitudeE7" : 748628418
      },
      "duration" : {
        "startTimestampMs" : "1585746291356",
        "endTimestampMs" : "1585747956597"
      },
      "distance" : 1555,
      "activityType" : "WALKING",
      "confidence" : "HIGH",
      "activities" : [ {
        "activityType" : "WALKING",
        "probability" : 79.79902625083923
      }, {
        "activityType" : "IN_PASSENGER_VEHICLE",
        "probability" : 8.04344043135643
      }, {
        "activityType" : "STILL",
        "probability" : 5.803774669766426
      }, {
        "activityType" : "MOTORCYCLING",
        "probability" : 2.802109159529209
      }, {
        "activityType" : "RUNNING",
        "probability" : 1.7409570515155792
      }, {
        "activityType" : "CYCLING",
        "probability" : 1.532196719199419
      }, {
        "activityType" : "IN_BUS",
        "probability" : 0.17772449646145105
      }, {
        "activityType" : "FLYING",
        "probability" : 0.057329999981448054
      }, {
        "activityType" : "IN_FERRY",
        "probability" : 0.021397988894023
      }, {
        "activityType" : "IN_TRAIN",
        "probability" : 0.012864988821092993
      }, {
        "activityType" : "SAILING",
        "probability" : 0.0031675157515564933
      }, {
        "activityType" : "SKIING",
        "probability" : 0.00292030927084852
      }, {
        "activityType" : "IN_SUBWAY",
        "probability" : 0.0028300139092607424
      }, {
        "activityType" : "IN_VEHICLE",
        "probability" : 1.786355483091029E-4
      }, {
        "activityType" : "IN_TRAM",
        "probability" : 8.371649755645194E-5
      } ],
      "waypointPath" : {
        "waypoints" : [ {
          "latE7" : 128888950,
          "lngE7" : 748628692
        }, {
          "latE7" : 128903656,
          "lngE7" : 748630752
        }, {
          "latE7" : 128908843,
          "lngE7" : 748646926
        }, {
          "latE7" : 128901023,
          "lngE7" : 748660354
        }, {
          "latE7" : 128894691,
          "lngE7" : 748666992
        }, {
          "latE7" : 128866281,
          "lngE7" : 748670578
        }, {
          "latE7" : 128858489,
          "lngE7" : 748657913
        }, {
          "latE7" : 128874559,
          "lngE7" : 748640594
        }, {
          "latE7" : 128888607,
          "lngE7" : 748628997
        } ]
      },
      "simplifiedRawPath" : {
        "points" : [ {
          "latE7" : 128909121,
          "lngE7" : 748646469,
          "timestampMs" : "1585746794475",
          "accuracyMeters" : 28
        }, {
          "latE7" : 128895979,
          "lngE7" : 748667221,
          "timestampMs" : "1585747037336",
          "accuracyMeters" : 92
        }, {
          "latE7" : 128857460,
          "lngE7" : 748657684,
          "timestampMs" : "1585747525793",
          "accuracyMeters" : 50
        } ]
      }
    }
  }, {
    "placeVisit" : {
      "location" : {
        "latitudeE7" : 128891859,
        "longitudeE7" : 748635259,
        "placeId" : "ChIJZYJODBhaozsRdmp0TurVoyA",
        "address" : "Shradhananda Ashram Road\nPadua\nnear Padua College\nKadri Hills, Kadri\nMangalore, Karnataka 575005\nIndia",
        "name" : "Eden Aquatic and Sports Foundations",
        "semanticType" : "TYPE_HOME",
        "sourceInfo" : {
          "deviceTag" : -1399941663
        },
        "locationConfidence" : 92.02449
      },
      "duration" : {
        "startTimestampMs" : "1585747956597",
        "endTimestampMs" : "1587084398880"
      },
      "placeConfidence" : "HIGH_CONFIDENCE",
      "centerLatE7" : 128887956,
      "centerLngE7" : 748628314,
      "visitConfidence" : 91,
      "otherCandidateLocations" : [ {
        "latitudeE7" : 128890200,
        "longitudeE7" : 748629490,
        "placeId" : "ChIJN50sBBhaozsRa7xlVLZE8KY",
        "semanticType" : "TYPE_SEARCHED_ADDRESS",
        "locationConfidence" : 3.4254375
      }, {
        "latitudeE7" : 128891920,
        "longitudeE7" : 748628830,
        "placeId" : "ChIJpYzzBBhaozsRG8sordzEw5o",
        "semanticType" : "TYPE_SEARCHED_ADDRESS",
        "locationConfidence" : 1.7460514
      }, {
        "latitudeE7" : 128884483,
        "longitudeE7" : 748610386,
        "placeId" : "ChIJd46jXz1aozsRluRQGZYo358",
        "locationConfidence" : 0.85346824
      }, {
        "latitudeE7" : 128886989,
        "longitudeE7" : 748629702,
        "placeId" : "ChIJE5-HSGFbozsRAJkMiD4bPoM",
        "locationConfidence" : 0.5157403
      } ],
      "editConfirmationStatus" : "NOT_CONFIRMED"
    }
  }, {
    "activitySegment" : {
      "startLocation" : {
        "latitudeE7" : 128886416,
        "longitudeE7" : 748629568,
        "sourceInfo" : {
          "deviceTag" : -1399941663
        }
      },
      "endLocation" : {
        "latitudeE7" : 128886401,
        "longitudeE7" : 748629653,
        "sourceInfo" : {
          "deviceTag" : -1399941663
        }
      },
      "duration" : {
        "startTimestampMs" : "1587084398880",
        "endTimestampMs" : "1587086386559"
      },
      "distance" : 2267,
      "activityType" : "WALKING",
      "confidence" : "MEDIUM",
      "activities" : [ {
        "activityType" : "WALKING",
        "probability" : 75.50093531608582
      }, {
        "activityType" : "IN_PASSENGER_VEHICLE",
        "probability" : 9.03809443116188
      }, {
        "activityType" : "STILL",
        "probability" : 8.784359693527222
      }, {
        "activityType" : "RUNNING",
        "probability" : 2.671903371810913
      }, {
        "activityType" : "MOTORCYCLING",
        "probability" : 2.4770045652985573
      }, {
        "activityType" : "CYCLING",
        "probability" : 1.1720593087375164
      }, {
        "activityType" : "IN_BUS",
        "probability" : 0.2088240347802639
      }, {
        "activityType" : "FLYING",
        "probability" : 0.10310201905667782
      }, {
        "activityType" : "IN_FERRY",
        "probability" : 0.017709760868456215
      }, {
        "activityType" : "IN_TRAIN",
        "probability" : 0.016497216711286455
      }, {
        "activityType" : "IN_SUBWAY",
        "probability" : 0.003506637949612923
      }, {
        "activityType" : "SAILING",
        "probability" : 0.0029572356652352028
      }, {
        "activityType" : "SKIING",
        "probability" : 0.002735919042606838
      }, {
        "activityType" : "IN_VEHICLE",
        "probability" : 2.705951146708685E-4
      }, {
        "activityType" : "IN_TRAM",
        "probability" : 4.506106279222877E-5
      } ],
      "waypointPath" : {
        "waypoints" : [ {
          "latE7" : 128886137,
          "lngE7" : 748629760
        }, {
          "latE7" : 128921070,
          "lngE7" : 748643341
        }, {
          "latE7" : 128930892,
          "lngE7" : 748642883
        }, {
          "latE7" : 128902521,
          "lngE7" : 748657150
        }, {
          "latE7" : 128882131,
          "lngE7" : 748679428
        }, {
          "latE7" : 128881158,
          "lngE7" : 748678970
        }, {
          "latE7" : 128876743,
          "lngE7" : 748646240
        }, {
          "latE7" : 128886203,
          "lngE7" : 748629837
        } ]
      },
      "simplifiedRawPath" : {
        "points" : [ {
          "latE7" : 128930817,
          "lngE7" : 748642578,
          "timestampMs" : "1587084967134",
          "accuracyMeters" : 5
        }, {
          "latE7" : 128902769,
          "lngE7" : 748657303,
          "timestampMs" : "1587085324000",
          "accuracyMeters" : 7
        }, {
          "latE7" : 128881216,
          "lngE7" : 748678894,
          "timestampMs" : "1587085614128",
          "accuracyMeters" : 5
        } ]
      }
    }
  }, {
    "placeVisit" : {
      "location" : {
        "latitudeE7" : 128891859,
        "longitudeE7" : 748635259,
        "placeId" : "ChIJZYJODBhaozsRdmp0TurVoyA",
        "address" : "Shradhananda Ashram Road\nPadua\nnear Padua College\nKadri Hills, Kadri\nMangalore, Karnataka 575005\nIndia",
        "name" : "Eden Aquatic and Sports Foundations",
        "semanticType" : "TYPE_HOME",
        "sourceInfo" : {
          "deviceTag" : -1399941663
        },
        "locationConfidence" : 91.109505
      },
      "duration" : {
        "startTimestampMs" : "1587086386559",
        "endTimestampMs" : "1587533548143"
      },
      "placeConfidence" : "HIGH_CONFIDENCE",
      "centerLatE7" : 128888491,
      "centerLngE7" : 748628703,
      "visitConfidence" : 93,
      "otherCandidateLocations" : [ {
        "latitudeE7" : 128890200,
        "longitudeE7" : 748629490,
        "placeId" : "ChIJN50sBBhaozsRa7xlVLZE8KY",
        "semanticType" : "TYPE_SEARCHED_ADDRESS",
        "locationConfidence" : 3.9847577
      }, {
        "latitudeE7" : 128891920,
        "longitudeE7" : 748628830,
        "placeId" : "ChIJpYzzBBhaozsRG8sordzEw5o",
        "semanticType" : "TYPE_SEARCHED_ADDRESS",
        "locationConfidence" : 2.0125494
      }, {
        "latitudeE7" : 128875092,
        "longitudeE7" : 748617924,
        "placeId" : "ChIJD3baTj1aozsRJDU2VRkyBxM",
        "semanticType" : "TYPE_SEARCHED_ADDRESS",
        "locationConfidence" : 1.1302694
      }, {
        "latitudeE7" : 128897660,
        "longitudeE7" : 748631980,
        "placeId" : "ChIJ4apFFxhaozsRIcwPA3QgrtY",
        "semanticType" : "TYPE_SEARCHED_ADDRESS",
        "locationConfidence" : 0.5008019
      }, {
        "latitudeE7" : 128886989,
        "longitudeE7" : 748629702,
        "placeId" : "ChIJE5-HSGFbozsRAJkMiD4bPoM",
        "locationConfidence" : 0.490172
      } ],
      "editConfirmationStatus" : "NOT_CONFIRMED"
    }
  }, {
    "activitySegment" : {
      "startLocation" : {
        "latitudeE7" : 128880155,
        "longitudeE7" : 748634498,
        "sourceInfo" : {
          "deviceTag" : -1399941663
        }
      },
      "endLocation" : {
        "latitudeE7" : 128877177,
        "longitudeE7" : 748647688,
        "sourceInfo" : {
          "deviceTag" : -1399941663
        }
      },
      "duration" : {
        "startTimestampMs" : "1587533548143",
        "endTimestampMs" : "1587533669122"
      },
      "distance" : 146,
      "activityType" : "WALKING",
      "confidence" : "MEDIUM",
      "activities" : [ {
        "activityType" : "WALKING",
        "probability" : 77.00890898704529
      }, {
        "activityType" : "IN_PASSENGER_VEHICLE",
        "probability" : 16.3324773311615
      }, {
        "activityType" : "MOTORCYCLING",
        "probability" : 2.522963657975197
      }, {
        "activityType" : "STILL",
        "probability" : 1.470483373850584
      }, {
        "activityType" : "CYCLING",
        "probability" : 1.2213016860187054
      }, {
        "activityType" : "RUNNING",
        "probability" : 0.6923834793269634
      }, {
        "activityType" : "IN_BUS",
        "probability" : 0.49704895354807377
      }, {
        "activityType" : "IN_TRAIN",
        "probability" : 0.11527312453836203
      }, {
        "activityType" : "FLYING",
        "probability" : 0.07504395907744765
      }, {
        "activityType" : "IN_FERRY",
        "probability" : 0.02844087139237672
      }, {
        "activityType" : "IN_SUBWAY",
        "probability" : 0.027725673862732947
      }, {
        "activityType" : "SAILING",
        "probability" : 0.005049369792686775
      }, {
        "activityType" : "SKIING",
        "probability" : 0.0015955145499901846
      }, {
        "activityType" : "IN_TRAM",
        "probability" : 0.0010260873750667088
      }, {
        "activityType" : "IN_VEHICLE",
        "probability" : 2.7713356303138426E-4
      } ],
      "waypointPath" : {
        "waypoints" : [ {
          "latE7" : 128878984,
          "lngE7" : 748634872
        }, {
          "latE7" : 128874559,
          "lngE7" : 748640594
        }, {
          "latE7" : 128877725,
          "lngE7" : 748647842
        } ]
      }
    }
  }, {
    "placeVisit" : {
      "location" : {
        "latitudeE7" : 128874410,
        "longitudeE7" : 748646301,
        "placeId" : "ChIJe0BnjSJaozsR5oLyQH2NWZQ",
        "address" : "Kalai Guthu Rd\nKadri Hills, Kadri\nMangalore, Karnataka 575005\nIndia",
        "name" : "Manjunatha General Store",
        "sourceInfo" : {
          "deviceTag" : -1399941663
        },
        "locationConfidence" : 51.94027
      },
      "duration" : {
        "startTimestampMs" : "1587533669122",
        "endTimestampMs" : "1587534285027"
      },
      "placeConfidence" : "MEDIUM_CONFIDENCE",
      "centerLatE7" : 128875443,
      "centerLngE7" : 748645243,
      "visitConfidence" : 87,
      "otherCandidateLocations" : [ {
        "latitudeE7" : 128888130,
        "longitudeE7" : 748628235,
        "placeId" : "ChIJZYJODBhaozsRdmp0TurVoyA",
        "address" : "Shradhananda Ashram Road\nPadua\nnear Padua College\nKadri Hills, Kadri\nMangalore, Karnataka 575005\nIndia",
        "name" : "Eden Aquatic and Sports Foundations",
        "semanticType" : "TYPE_HOME",
        "locationConfidence" : 34.09306
      }, {
        "latitudeE7" : 128891920,
        "longitudeE7" : 748628830,
        "placeId" : "ChIJpYzzBBhaozsRG8sordzEw5o",
        "semanticType" : "TYPE_SEARCHED_ADDRESS",
        "locationConfidence" : 2.665937
      }, {
        "latitudeE7" : 128875092,
        "longitudeE7" : 748617924,
        "placeId" : "ChIJD3baTj1aozsRJDU2VRkyBxM",
        "semanticType" : "TYPE_SEARCHED_ADDRESS",
        "locationConfidence" : 2.4761157
      }, {
        "latitudeE7" : 128890200,
        "longitudeE7" : 748629490,
        "placeId" : "ChIJN50sBBhaozsRa7xlVLZE8KY",
        "semanticType" : "TYPE_SEARCHED_ADDRESS",
        "locationConfidence" : 2.3504183
      }, {
        "latitudeE7" : 128872604,
        "longitudeE7" : 748662945,
        "placeId" : "ChIJH-Y_4SNaozsRbBklDsSi7Ig",
        "locationConfidence" : 2.1349819
      }, {
        "latitudeE7" : 128873140,
        "longitudeE7" : 748646720,
        "placeId" : "ChIJ4zO38iJaozsR8y_VlUYGLfU",
        "locationConfidence" : 1.112594
      }, {
        "latitudeE7" : 128897660,
        "longitudeE7" : 748631980,
        "placeId" : "ChIJ4apFFxhaozsRIcwPA3QgrtY",
        "semanticType" : "TYPE_SEARCHED_ADDRESS",
        "locationConfidence" : 1.0972272
      }, {
        "latitudeE7" : 128851354,
        "longitudeE7" : 748661280,
        "placeId" : "ChIJwReSlsxbozsRZt4Kk8qOTTU",
        "locationConfidence" : 0.8785824
      }, {
        "latitudeE7" : 128851097,
        "longitudeE7" : 748656883,
        "placeId" : "ChIJ1XMYpSNaozsRM9DRx9fRUAk",
        "locationConfidence" : 0.8339845
      } ],
      "editConfirmationStatus" : "NOT_CONFIRMED"
    }
  }, {
    "activitySegment" : {
      "startLocation" : {
        "latitudeE7" : 128874235,
        "longitudeE7" : 748641883,
        "sourceInfo" : {
          "deviceTag" : -1399941663
        }
      },
      "endLocation" : {
        "latitudeE7" : 128888391,
        "longitudeE7" : 748628693,
        "sourceInfo" : {
          "deviceTag" : -1399941663
        }
      },
      "duration" : {
        "startTimestampMs" : "1587534285027",
        "endTimestampMs" : "1587534393341"
      },
      "distance" : 212,
      "activityType" : "WALKING",
      "confidence" : "MEDIUM",
      "activities" : [ {
        "activityType" : "WALKING",
        "probability" : 75.91602206230164
      }, {
        "activityType" : "IN_PASSENGER_VEHICLE",
        "probability" : 15.745961666107178
      }, {
        "activityType" : "MOTORCYCLING",
        "probability" : 4.462174698710442
      }, {
        "activityType" : "CYCLING",
        "probability" : 1.5249290503561497
      }, {
        "activityType" : "STILL",
        "probability" : 1.1330736801028252
      }, {
        "activityType" : "RUNNING",
        "probability" : 0.6886367220431566
      }, {
        "activityType" : "IN_BUS",
        "probability" : 0.29761067125946283
      }, {
        "activityType" : "IN_FERRY",
        "probability" : 0.07758467691019177
      }, {
        "activityType" : "FLYING",
        "probability" : 0.07306064944714308
      }, {
        "activityType" : "IN_TRAIN",
        "probability" : 0.05745837697759271
      }, {
        "activityType" : "IN_SUBWAY",
        "probability" : 0.01110698067350313
      }, {
        "activityType" : "SAILING",
        "probability" : 0.009575701551511884
      }, {
        "activityType" : "SKIING",
        "probability" : 0.0023197457267087884
      }, {
        "activityType" : "IN_TRAM",
        "probability" : 3.537383463481092E-4
      }, {
        "activityType" : "IN_VEHICLE",
        "probability" : 1.33020773773751E-4
      } ]
    }
  }, {
    "placeVisit" : {
      "location" : {
        "latitudeE7" : 128891859,
        "longitudeE7" : 748635259,
        "placeId" : "ChIJZYJODBhaozsRdmp0TurVoyA",
        "address" : "Shradhananda Ashram Road\nPadua\nnear Padua College\nKadri Hills, Kadri\nMangalore, Karnataka 575005\nIndia",
        "name" : "Eden Aquatic and Sports Foundations",
        "semanticType" : "TYPE_HOME",
        "sourceInfo" : {
          "deviceTag" : -1399941663
        },
        "locationConfidence" : 91.38453
      },
      "duration" : {
        "startTimestampMs" : "1587534393341",
        "endTimestampMs" : "1589546502417"
      },
      "placeConfidence" : "HIGH_CONFIDENCE",
      "centerLatE7" : 128888178,
      "centerLngE7" : 748628316,
      "visitConfidence" : 92,
      "otherCandidateLocations" : [ {
        "latitudeE7" : 128890200,
        "longitudeE7" : 748629490,
        "placeId" : "ChIJN50sBBhaozsRa7xlVLZE8KY",
        "semanticType" : "TYPE_SEARCHED_ADDRESS",
        "locationConfidence" : 3.83322
      }, {
        "latitudeE7" : 128891920,
        "longitudeE7" : 748628830,
        "placeId" : "ChIJpYzzBBhaozsRG8sordzEw5o",
        "semanticType" : "TYPE_SEARCHED_ADDRESS",
        "locationConfidence" : 2.0751832
      }, {
        "latitudeE7" : 128875092,
        "longitudeE7" : 748617924,
        "placeId" : "ChIJD3baTj1aozsRJDU2VRkyBxM",
        "semanticType" : "TYPE_SEARCHED_ADDRESS",
        "locationConfidence" : 1.0947405
      }, {
        "latitudeE7" : 128897660,
        "longitudeE7" : 748631980,
        "placeId" : "ChIJ4apFFxhaozsRIcwPA3QgrtY",
        "semanticType" : "TYPE_SEARCHED_ADDRESS",
        "locationConfidence" : 0.5334843
      }, {
        "latitudeE7" : 128886989,
        "longitudeE7" : 748629702,
        "placeId" : "ChIJE5-HSGFbozsRAJkMiD4bPoM",
        "locationConfidence" : 0.45701665
      } ],
      "editConfirmationStatus" : "NOT_CONFIRMED"
    }
  } ]
}