{
  "timelineObjects" : [ {
    "activitySegment" : {
      "startLocation" : {
        "latitudeE7" : 128888744,
        "longitudeE7" : 748628082,
        "sourceInfo" : {
          "deviceTag" : -1399941663
        }
      },
      "endLocation" : {
        "latitudeE7" : 128888725,
        "longitudeE7" : 748628172,
        "sourceInfo" : {
          "deviceTag" : -1399941663
        }
      },
      "duration" : {
        "startTimestampMs" : "1599480240138",
        "endTimestampMs" : "1599491333787"
      },
      "distance" : 20,
      "activityType" : "IN_PASSENGER_VEHICLE",
      "confidence" : "LOW",
      "activities" : [ {
        "activityType" : "IN_PASSENGER_VEHICLE",
        "probability" : 33.68169069290161
      }, {
        "activityType" : "MOTORCYCLING",
        "probability" : 31.38655424118042
      }, {
        "activityType" : "STILL",
        "probability" : 21.045060455799103
      }, {
        "activityType" : "WALKING",
        "probability" : 11.554738879203796
      }, {
        "activityType" : "CYCLING",
        "probability" : 1.3539942912757397
      }, {
        "activityType" : "IN_FERRY",
        "probability" : 0.280158338136971
      }, {
        "activityType" : "RUNNING",
        "probability" : 0.2683147555217147
      }, {
        "activityType" : "FLYING",
        "probability" : 0.10834633139893413
      }, {
        "activityType" : "IN_TRAIN",
        "probability" : 0.09592019487172365
      }, {
        "activityType" : "SAILING",
        "probability" : 0.09169595432467759
      }, {
        "activityType" : "IN_BUS",
        "probability" : 0.08225767523981631
      }, {
        "activityType" : "IN_SUBWAY",
        "probability" : 0.04532143648248166
      }, {
        "activityType" : "SKIING",
        "probability" : 0.00565134541830048
      }, {
        "activityType" : "IN_TRAM",
        "probability" : 1.6570826346651302E-4
      }, {
        "activityType" : "IN_VEHICLE",
        "probability" : 1.267038896912709E-4
      } ],
      "waypointPath" : {
        "waypoints" : [ {
          "latE7" : 128889102,
          "lngE7" : 748628616
        }, {
          "latE7" : 128889074,
          "lngE7" : 748628616
        }, {
          "latE7" : 128889055,
          "lngE7" : 748628616
        } ]
      },
      "parkingEvent" : {
        "timestampMs" : "1599491439671",
        "location" : {
          "latitudeE7" : 128888722,
          "longitudeE7" : 748628082,
          "accuracyMetres" : 80
        }
      }
    }
  }, {
    "placeVisit" : {
      "location" : {
        "latitudeE7" : 128891859,
        "longitudeE7" : 748635259,
        "placeId" : "ChIJZYJODBhaozsRdmp0TurVoyA",
        "address" : "Shradhananda Ashram Road\nPadua\nnear Padua College\nKadri Hills, Kadri\nMangalore, Karnataka 575005\nIndia",
        "name" : "Eden Aquatic and Sports Foundations",
        "semanticType" : "TYPE_HOME",
        "sourceInfo" : {
          "deviceTag" : -1399941663
        },
        "locationConfidence" : 94.944984
      },
      "duration" : {
        "startTimestampMs" : "1599491333787",
        "endTimestampMs" : "1601621929536"
      },
      "placeConfidence" : "HIGH_CONFIDENCE",
      "centerLatE7" : 128888687,
      "centerLngE7" : 748627980,
      "visitConfidence" : 86,
      "otherCandidateLocations" : [ {
        "latitudeE7" : 128890200,
        "longitudeE7" : 748629490,
        "placeId" : "ChIJN50sBBhaozsRa7xlVLZE8KY",
        "semanticType" : "TYPE_SEARCHED_ADDRESS",
        "locationConfidence" : 1.5485564
      }, {
        "latitudeE7" : 128884368,
        "longitudeE7" : 748610433,
        "placeId" : "ChIJEYf-lD5aozsRhoPXciAryIg",
        "locationConfidence" : 1.3118882
      }, {
        "latitudeE7" : 128891920,
        "longitudeE7" : 748628830,
        "placeId" : "ChIJpYzzBBhaozsRG8sordzEw5o",
        "semanticType" : "TYPE_SEARCHED_ADDRESS",
        "locationConfidence" : 0.9991624
      }, {
        "latitudeE7" : 128886989,
        "longitudeE7" : 748629702,
        "placeId" : "ChIJE5-HSGFbozsRAJkMiD4bPoM",
        "locationConfidence" : 0.57091856
      } ],
      "editConfirmationStatus" : "NOT_CONFIRMED"
    }
  } ]
}