{
  "timelineObjects" : [ {
    "activitySegment" : {
      "startLocation" : {
        "latitudeE7" : 128888018,
        "longitudeE7" : 748625919,
        "sourceInfo" : {
          "deviceTag" : -1399941663
        }
      },
      "endLocation" : {
        "latitudeE7" : 128877635,
        "longitudeE7" : 748605594,
        "sourceInfo" : {
          "deviceTag" : -1399941663
        }
      },
      "duration" : {
        "startTimestampMs" : "1598852349549",
        "endTimestampMs" : "1598852482839"
      },
      "distance" : 248,
      "activityType" : "WALKING",
      "confidence" : "HIGH",
      "activities" : [ {
        "activityType" : "WALKING",
        "probability" : 77.64673233032227
      }, {
        "activityType" : "IN_PASSENGER_VEHICLE",
        "probability" : 12.84596174955368
      }, {
        "activityType" : "MOTORCYCLING",
        "probability" : 3.1623054295778275
      }, {
        "activityType" : "STILL",
        "probability" : 2.9607433825731277
      }, {
        "activityType" : "CYCLING",
        "probability" : 1.7324518412351608
      }, {
        "activityType" : "RUNNING",
        "probability" : 1.248439960181713
      }, {
        "activityType" : "IN_BUS",
        "probability" : 0.2619803650304675
      }, {
        "activityType" : "FLYING",
        "probability" : 0.04976316704414785
      }, {
        "activityType" : "IN_FERRY",
        "probability" : 0.03365553275216371
      }, {
        "activityType" : "IN_TRAIN",
        "probability" : 0.030772702302783728
      }, {
        "activityType" : "IN_SUBWAY",
        "probability" : 0.01702218287391588
      }, {
        "activityType" : "SAILING",
        "probability" : 0.005193799734115601
      }, {
        "activityType" : "SKIING",
        "probability" : 0.004409614848555066
      }, {
        "activityType" : "IN_TRAM",
        "probability" : 4.4715720832755323E-4
      }, {
        "activityType" : "IN_VEHICLE",
        "probability" : 1.3535604921344202E-4
      } ]
    }
  }, {
    "placeVisit" : {
      "location" : {
        "latitudeE7" : 128884368,
        "longitudeE7" : 748610433,
        "placeId" : "ChIJEYf-lD5aozsRhoPXciAryIg",
        "address" : "D No. 3-0-13 , Kadri Hills, Nanthoor\nKadri Hills, Kadri\nMangalore, Karnataka 575004\nIndia",
        "name" : "Padua Pu College",
        "sourceInfo" : {
          "deviceTag" : -1399941663
        },
        "locationConfidence" : 46.925056
      },
      "duration" : {
        "startTimestampMs" : "1598852482839",
        "endTimestampMs" : "1598852857200"
      },
      "placeConfidence" : "LOW_CONFIDENCE",
      "centerLatE7" : 128876225,
      "centerLngE7" : 748607825,
      "visitConfidence" : 87,
      "otherCandidateLocations" : [ {
        "latitudeE7" : 128888130,
        "longitudeE7" : 748628235,
        "placeId" : "ChIJZYJODBhaozsRdmp0TurVoyA",
        "address" : "Shradhananda Ashram Road\nPadua\nnear Padua College\nKadri Hills, Kadri\nMangalore, Karnataka 575005\nIndia",
        "name" : "Eden Aquatic and Sports Foundations",
        "semanticType" : "TYPE_HOME",
        "locationConfidence" : 26.584366
      }, {
        "latitudeE7" : 128876322,
        "longitudeE7" : 748605451,
        "placeId" : "ChIJEdloRQVbozsRjGdvlvnVVNc",
        "locationConfidence" : 16.834272
      }, {
        "latitudeE7" : 128875092,
        "longitudeE7" : 748617924,
        "placeId" : "ChIJD3baTj1aozsRJDU2VRkyBxM",
        "semanticType" : "TYPE_SEARCHED_ADDRESS",
        "locationConfidence" : 2.291054
      }, {
        "latitudeE7" : 128877655,
        "longitudeE7" : 748610544,
        "placeId" : "ChIJKxTBQj1aozsRZfw7XKSjtm0",
        "locationConfidence" : 1.8365669
      }, {
        "latitudeE7" : 128876253,
        "longitudeE7" : 748606776,
        "placeId" : "ChIJCWwfaT1aozsRV5502DQ5I7o",
        "locationConfidence" : 1.6597333
      }, {
        "latitudeE7" : 128886980,
        "longitudeE7" : 748605779,
        "placeId" : "ChIJj1e22BdaozsRXbLGihhXmNg",
        "locationConfidence" : 0.9263912
      }, {
        "latitudeE7" : 128876694,
        "longitudeE7" : 748606132,
        "placeId" : "ChIJB6jRaD1aozsREDZOs1ZX6io",
        "locationConfidence" : 0.91523874
      }, {
        "latitudeE7" : 128876631,
        "longitudeE7" : 748604945,
        "placeId" : "ChIJcYkibz1aozsRibKs87ENpsE",
        "locationConfidence" : 0.58022857
      }, {
        "latitudeE7" : 128891920,
        "longitudeE7" : 748628830,
        "placeId" : "ChIJpYzzBBhaozsRG8sordzEw5o",
        "semanticType" : "TYPE_SEARCHED_ADDRESS",
        "locationConfidence" : 0.47431633
      } ],
      "editConfirmationStatus" : "NOT_CONFIRMED"
    }
  }, {
    "activitySegment" : {
      "startLocation" : {
        "latitudeE7" : 128873101,
        "longitudeE7" : 748613261,
        "sourceInfo" : {
          "deviceTag" : -1399941663
        }
      },
      "endLocation" : {
        "latitudeE7" : 128888383,
        "longitudeE7" : 748628734,
        "sourceInfo" : {
          "deviceTag" : -1399941663
        }
      },
      "duration" : {
        "startTimestampMs" : "1598852857200",
        "endTimestampMs" : "1598852987847"
      },
      "distance" : 238,
      "activityType" : "WALKING",
      "confidence" : "HIGH",
      "activities" : [ {
        "activityType" : "WALKING",
        "probability" : 81.26327395439148
      }, {
        "activityType" : "IN_PASSENGER_VEHICLE",
        "probability" : 12.806545197963715
      }, {
        "activityType" : "MOTORCYCLING",
        "probability" : 2.9363535344600677
      }, {
        "activityType" : "CYCLING",
        "probability" : 1.2791397981345654
      }, {
        "activityType" : "STILL",
        "probability" : 0.7062928751111031
      }, {
        "activityType" : "RUNNING",
        "probability" : 0.6283977534621954
      }, {
        "activityType" : "IN_BUS",
        "probability" : 0.21629128605127335
      }, {
        "activityType" : "IN_FERRY",
        "probability" : 0.06795309600420296
      }, {
        "activityType" : "FLYING",
        "probability" : 0.04581791290547699
      }, {
        "activityType" : "IN_TRAIN",
        "probability" : 0.025524877128191292
      }, {
        "activityType" : "IN_SUBWAY",
        "probability" : 0.010948367707896978
      }, {
        "activityType" : "SAILING",
        "probability" : 0.009804015280678868
      }, {
        "activityType" : "SKIING",
        "probability" : 0.0031494662835029885
      }, {
        "activityType" : "IN_TRAM",
        "probability" : 4.315133082855027E-4
      }, {
        "activityType" : "IN_VEHICLE",
        "probability" : 6.476338967331685E-5
      } ]
    }
  }, {
    "placeVisit" : {
      "location" : {
        "latitudeE7" : 128891859,
        "longitudeE7" : 748635259,
        "placeId" : "ChIJZYJODBhaozsRdmp0TurVoyA",
        "address" : "Shradhananda Ashram Road\nPadua\nnear Padua College\nKadri Hills, Kadri\nMangalore, Karnataka 575005\nIndia",
        "name" : "Eden Aquatic and Sports Foundations",
        "semanticType" : "TYPE_HOME",
        "sourceInfo" : {
          "deviceTag" : -1399941663
        },
        "locationConfidence" : 95.33972
      },
      "duration" : {
        "startTimestampMs" : "1598852987847",
        "endTimestampMs" : "1599480240138"
      },
      "placeConfidence" : "HIGH_CONFIDENCE",
      "centerLatE7" : 128888016,
      "centerLngE7" : 748628703,
      "visitConfidence" : 90,
      "otherCandidateLocations" : [ {
        "latitudeE7" : 128890200,
        "longitudeE7" : 748629490,
        "placeId" : "ChIJN50sBBhaozsRa7xlVLZE8KY",
        "semanticType" : "TYPE_SEARCHED_ADDRESS",
        "locationConfidence" : 1.4018438
      }, {
        "latitudeE7" : 128886989,
        "longitudeE7" : 748629702,
        "placeId" : "ChIJE5-HSGFbozsRAJkMiD4bPoM",
        "locationConfidence" : 1.2510892
      }, {
        "latitudeE7" : 128891920,
        "longitudeE7" : 748628830,
        "placeId" : "ChIJpYzzBBhaozsRG8sordzEw5o",
        "semanticType" : "TYPE_SEARCHED_ADDRESS",
        "locationConfidence" : 0.9252474
      }, {
        "latitudeE7" : 128884368,
        "longitudeE7" : 748610433,
        "placeId" : "ChIJEYf-lD5aozsRhoPXciAryIg",
        "address" : "D No. 3-0-13 , Kadri Hills, Nanthoor\nKadri Hills, Kadri\nMangalore, Karnataka 575004\nIndia",
        "name" : "Padua Pu College",
        "locationConfidence" : 0.37232313
      } ],
      "editConfirmationStatus" : "NOT_CONFIRMED"
    }
  } ]
}