{
  "timelineObjects" : [ {
    "activitySegment" : {
      "startLocation" : {
        "latitudeE7" : 128887079,
        "longitudeE7" : 748630739,
        "sourceInfo" : {
          "deviceTag" : -1399941663
        }
      },
      "endLocation" : {
        "latitudeE7" : 128712848,
        "longitudeE7" : 748473871,
        "sourceInfo" : {
          "deviceTag" : -1399941663
        }
      },
      "duration" : {
        "startTimestampMs" : "1601621929536",
        "endTimestampMs" : "1601623042760"
      },
      "distance" : 2577,
      "activityType" : "IN_PASSENGER_VEHICLE",
      "confidence" : "HIGH",
      "activities" : [ {
        "activityType" : "IN_PASSENGER_VEHICLE",
        "probability" : 93.57654452323914
      }, {
        "activityType" : "MOTORCYCLING",
        "probability" : 2.4864837527275085
      }, {
        "activityType" : "WALKING",
        "probability" : 1.6947390511631966
      }, {
        "activityType" : "STILL",
        "probability" : 1.5734871849417686
      }, {
        "activityType" : "CYCLING",
        "probability" : 0.28785374015569687
      }, {
        "activityType" : "IN_BUS",
        "probability" : 0.19071329152211547
      }, {
        "activityType" : "IN_FERRY",
        "probability" : 0.07691373466514051
      }, {
        "activityType" : "RUNNING",
        "probability" : 0.07502412772737443
      }, {
        "activityType" : "FLYING",
        "probability" : 0.028195773484185338
      }, {
        "activityType" : "IN_SUBWAY",
        "probability" : 0.004375648859422654
      }, {
        "activityType" : "IN_TRAIN",
        "probability" : 0.002269248216180131
      }, {
        "activityType" : "SAILING",
        "probability" : 0.0018159202227252536
      }, {
        "activityType" : "SKIING",
        "probability" : 0.0010472581379872281
      }, {
        "activityType" : "IN_TRAM",
        "probability" : 4.710898338089464E-4
      }, {
        "activityType" : "IN_VEHICLE",
        "probability" : 7.457408628397388E-5
      } ],
      "waypointPath" : {
        "waypoints" : [ {
          "latE7" : 128887071,
          "lngE7" : 748630905
        }, {
          "latE7" : 128839788,
          "lngE7" : 748638458
        }, {
          "latE7" : 128713426,
          "lngE7" : 748473510
        } ]
      },
      "parkingEvent" : {
        "timestampMs" : "1601623124421",
        "location" : {
          "latitudeE7" : 129084487,
          "longitudeE7" : 748508429,
          "accuracyMetres" : 142
        }
      }
    }
  }, {
    "placeVisit" : {
      "location" : {
        "latitudeE7" : 128715856,
        "longitudeE7" : 748480389,
        "placeId" : "ChIJC19Cg0laozsR_lat8sK6xwk",
        "address" : "Souza Arcade\nBalmatta Rd\nNear Jyothi Circle\nBalmatta\nMangalore, Karnataka 575001\nIndia",
        "name" : "Laxmidas Jewellers",
        "sourceInfo" : {
          "deviceTag" : -1399941663
        },
        "locationConfidence" : 40.67619
      },
      "duration" : {
        "startTimestampMs" : "1601623042760",
        "endTimestampMs" : "1601624199174"
      },
      "placeConfidence" : "LOW_CONFIDENCE",
      "centerLatE7" : 128713325,
      "centerLngE7" : 748474200,
      "visitConfidence" : 86,
      "otherCandidateLocations" : [ {
        "latitudeE7" : 128713620,
        "longitudeE7" : 748476300,
        "placeId" : "ChIJpaqqqq9bozsRkDylk0tvQA8",
        "locationConfidence" : 5.9272594
      }, {
        "latitudeE7" : 128719092,
        "longitudeE7" : 748482640,
        "placeId" : "ChIJJUnsk0laozsRUgM7RvLv6Pc",
        "locationConfidence" : 5.725996
      }, {
        "latitudeE7" : 128714270,
        "longitudeE7" : 748480631,
        "placeId" : "ChIJfzRjTzZaozsRn9I-E_3GVIo",
        "locationConfidence" : 3.9246545
      }, {
        "latitudeE7" : 128727808,
        "longitudeE7" : 748497864,
        "placeId" : "ChIJi_p-w0laozsRvIxiyNeYnzA",
        "locationConfidence" : 3.3977377
      }, {
        "latitudeE7" : 128712931,
        "longitudeE7" : 748480058,
        "placeId" : "ChIJQ8olMKFQozsRCAz69JCZ5dY",
        "locationConfidence" : 3.2492523
      }, {
        "latitudeE7" : 128724753,
        "longitudeE7" : 748485480,
        "placeId" : "ChIJdVmVzoZbozsR71Bg3qsLoV0",
        "locationConfidence" : 2.5304568
      }, {
        "latitudeE7" : 128713310,
        "longitudeE7" : 748474780,
        "placeId" : "ChIJmzukfklaozsRg627ER1Nvdw",
        "locationConfidence" : 2.3883548
      }, {
        "latitudeE7" : 128715440,
        "longitudeE7" : 748480149,
        "placeId" : "ChIJWwhgSv5bozsRDZKSAdhwzwI",
        "locationConfidence" : 2.3536556
      }, {
        "latitudeE7" : 128721880,
        "longitudeE7" : 748484477,
        "placeId" : "ChIJ8S62mUlaozsRqpZutUomWNQ",
        "locationConfidence" : 1.9783417
      } ],
      "editConfirmationStatus" : "NOT_CONFIRMED"
    }
  }, {
    "activitySegment" : {
      "startLocation" : {
        "latitudeE7" : 128712848,
        "longitudeE7" : 748473871,
        "sourceInfo" : {
          "deviceTag" : -1399941663
        }
      },
      "endLocation" : {
        "latitudeE7" : 130052145,
        "longitudeE7" : 747895018,
        "sourceInfo" : {
          "deviceTag" : -1399941663
        }
      },
      "duration" : {
        "startTimestampMs" : "1601624199174",
        "endTimestampMs" : "1601629259000"
      },
      "distance" : 16735,
      "activityType" : "IN_PASSENGER_VEHICLE",
      "confidence" : "HIGH",
      "activities" : [ {
        "activityType" : "IN_PASSENGER_VEHICLE",
        "probability" : 87.37561106681824
      }, {
        "activityType" : "STILL",
        "probability" : 9.15643572807312
      }, {
        "activityType" : "MOTORCYCLING",
        "probability" : 1.5254725702106953
      }, {
        "activityType" : "WALKING",
        "probability" : 1.4671378768980503
      }, {
        "activityType" : "CYCLING",
        "probability" : 0.1545432023704052
      }, {
        "activityType" : "IN_FERRY",
        "probability" : 0.09620603523217142
      }, {
        "activityType" : "RUNNING",
        "probability" : 0.09331973269581795
      }, {
        "activityType" : "IN_BUS",
        "probability" : 0.08538357215002179
      }, {
        "activityType" : "FLYING",
        "probability" : 0.03715167404152453
      }, {
        "activityType" : "IN_SUBWAY",
        "probability" : 0.0032609503250569105
      }, {
        "activityType" : "SAILING",
        "probability" : 0.002800425500026904
      }, {
        "activityType" : "IN_TRAIN",
        "probability" : 0.0011568744412215892
      }, {
        "activityType" : "SKIING",
        "probability" : 0.0010990544978994876
      }, {
        "activityType" : "IN_TRAM",
        "probability" : 3.023021236003842E-4
      }, {
        "activityType" : "IN_VEHICLE",
        "probability" : 1.1801795380961266E-4
      } ],
      "waypointPath" : {
        "waypoints" : [ {
          "latE7" : 128713426,
          "lngE7" : 748473510
        }, {
          "latE7" : 129239549,
          "lngE7" : 748291702
        }, {
          "latE7" : 130077962,
          "lngE7" : 747890701
        }, {
          "latE7" : 130052585,
          "lngE7" : 747894897
        }, {
          "latE7" : 130052528,
          "lngE7" : 747895126
        } ]
      },
      "simplifiedRawPath" : {
        "points" : [ {
          "latE7" : 130077953,
          "lngE7" : 747890396,
          "timestampMs" : "1601629196000",
          "accuracyMeters" : 3
        } ]
      },
      "parkingEvent" : {
        "timestampMs" : "1601629227998",
        "location" : {
          "latitudeE7" : 130063142,
          "longitudeE7" : 747893151,
          "accuracyMetres" : 14
        }
      }
    }
  }, {
    "placeVisit" : {
      "location" : {
        "latitudeE7" : 130052671,
        "longitudeE7" : 747891625,
        "placeId" : "ChIJpQcG98JTozsRiri9x2znKAg",
        "address" : "NITK Beach Rd\nDodda Kopla, Surathkal\nKarnataka 575014\nIndia",
        "name" : "NITK Beach ಬೀಚ್",
        "sourceInfo" : {
          "deviceTag" : -1399941663
        },
        "locationConfidence" : 50.149242
      },
      "duration" : {
        "startTimestampMs" : "1601629259000",
        "endTimestampMs" : "1601634617000"
      },
      "placeConfidence" : "MEDIUM_CONFIDENCE",
      "centerLatE7" : 130054089,
      "centerLngE7" : 747892350,
      "visitConfidence" : 94,
      "otherCandidateLocations" : [ {
        "latitudeE7" : 130052183,
        "longitudeE7" : 747894146,
        "placeId" : "ChIJLZbjsrxTozsRLNxEfvhdZ4Y",
        "locationConfidence" : 19.303185
      }, {
        "latitudeE7" : 130096900,
        "longitudeE7" : 747887425,
        "placeId" : "ChIJ2-APIwxSozsR-kbmHsO0N4U",
        "locationConfidence" : 17.44349
      }, {
        "latitudeE7" : 129918635,
        "longitudeE7" : 747929857,
        "placeId" : "ChIJNcMcKvhRozsRsZ61PmW3_8A",
        "locationConfidence" : 4.9719324
      }, {
        "latitudeE7" : 130062734,
        "longitudeE7" : 747893338,
        "placeId" : "ChIJVQMARMRTozsRkGfxTWj5IPg",
        "locationConfidence" : 3.840943
      }, {
        "latitudeE7" : 130039583,
        "longitudeE7" : 747906287,
        "placeId" : "ChIJI40H5gRSozsR1l551iNeQFU",
        "locationConfidence" : 2.197318
      }, {
        "latitudeE7" : 130058079,
        "longitudeE7" : 747896141,
        "placeId" : "ChIJQWsTj2VTozsR47MNpO4O96k",
        "locationConfidence" : 0.9837997
      }, {
        "latitudeE7" : 130043807,
        "longitudeE7" : 747901576,
        "placeId" : "ChIJKWtu4wRSozsR0mRYK68q-Nw",
        "locationConfidence" : 0.49649078
      } ],
      "editConfirmationStatus" : "NOT_CONFIRMED"
    }
  }, {
    "activitySegment" : {
      "startLocation" : {
        "latitudeE7" : 130062362,
        "longitudeE7" : 747892958,
        "sourceInfo" : {
          "deviceTag" : -1399941663
        }
      },
      "endLocation" : {
        "latitudeE7" : 128887044,
        "longitudeE7" : 748630767,
        "sourceInfo" : {
          "deviceTag" : -1399941663
        }
      },
      "duration" : {
        "startTimestampMs" : "1601634617000",
        "endTimestampMs" : "1601637872336"
      },
      "distance" : 17974,
      "activityType" : "IN_PASSENGER_VEHICLE",
      "confidence" : "HIGH",
      "activities" : [ {
        "activityType" : "IN_PASSENGER_VEHICLE",
        "probability" : 93.2709813117981
      }, {
        "activityType" : "MOTORCYCLING",
        "probability" : 3.299350291490555
      }, {
        "activityType" : "WALKING",
        "probability" : 1.0377096012234688
      }, {
        "activityType" : "STILL",
        "probability" : 0.9461304172873497
      }, {
        "activityType" : "IN_BUS",
        "probability" : 0.7427369244396687
      }, {
        "activityType" : "IN_FERRY",
        "probability" : 0.3679074812680483
      }, {
        "activityType" : "IN_SUBWAY",
        "probability" : 0.09502143948338926
      }, {
        "activityType" : "FLYING",
        "probability" : 0.08835009066388011
      }, {
        "activityType" : "CYCLING",
        "probability" : 0.08491266635246575
      }, {
        "activityType" : "RUNNING",
        "probability" : 0.05399050423875451
      }, {
        "activityType" : "IN_TRAIN",
        "probability" : 0.005368835263652727
      }, {
        "activityType" : "SAILING",
        "probability" : 0.005332144792191684
      }, {
        "activityType" : "IN_TRAM",
        "probability" : 0.0017349462723359466
      }, {
        "activityType" : "SKIING",
        "probability" : 4.3151280806341674E-4
      }, {
        "activityType" : "IN_VEHICLE",
        "probability" : 4.115307206120633E-5
      } ],
      "waypointPath" : {
        "waypoints" : [ {
          "latE7" : 130062379,
          "lngE7" : 747893142
        }, {
          "latE7" : 130108156,
          "lngE7" : 747887802
        }, {
          "latE7" : 130126714,
          "lngE7" : 747882537
        }, {
          "latE7" : 129277172,
          "lngE7" : 748263168
        }, {
          "latE7" : 128887071,
          "lngE7" : 748630905
        } ]
      },
      "simplifiedRawPath" : {
        "points" : [ {
          "latE7" : 130126724,
          "lngE7" : 747882614,
          "timestampMs" : "1601635550646",
          "accuracyMeters" : 4
        } ]
      },
      "parkingEvent" : {
        "timestampMs" : "1601637996630",
        "location" : {
          "latitudeE7" : 128888577,
          "longitudeE7" : 748629605,
          "accuracyMetres" : 152
        }
      }
    }
  }, {
    "placeVisit" : {
      "location" : {
        "latitudeE7" : 128891859,
        "longitudeE7" : 748635259,
        "placeId" : "ChIJZYJODBhaozsRdmp0TurVoyA",
        "address" : "Shradhananda Ashram Road\nPadua\nnear Padua College\nKadri Hills, Kadri\nMangalore, Karnataka 575005\nIndia",
        "name" : "Eden Aquatic and Sports Foundations",
        "semanticType" : "TYPE_HOME",
        "sourceInfo" : {
          "deviceTag" : -1399941663
        },
        "locationConfidence" : 74.22145
      },
      "duration" : {
        "startTimestampMs" : "1601637872336",
        "endTimestampMs" : "1603507256428"
      },
      "placeConfidence" : "HIGH_CONFIDENCE",
      "centerLatE7" : 128890269,
      "centerLngE7" : 748628091,
      "visitConfidence" : 84,
      "otherCandidateLocations" : [ {
        "latitudeE7" : 128890200,
        "longitudeE7" : 748629490,
        "placeId" : "ChIJN50sBBhaozsRa7xlVLZE8KY",
        "semanticType" : "TYPE_SEARCHED_ADDRESS",
        "locationConfidence" : 5.104646
      }, {
        "latitudeE7" : 128891920,
        "longitudeE7" : 748628830,
        "placeId" : "ChIJpYzzBBhaozsRG8sordzEw5o",
        "semanticType" : "TYPE_SEARCHED_ADDRESS",
        "locationConfidence" : 2.8719063
      }, {
        "latitudeE7" : 128884368,
        "longitudeE7" : 748610433,
        "placeId" : "ChIJEYf-lD5aozsRhoPXciAryIg",
        "locationConfidence" : 2.8283901
      }, {
        "latitudeE7" : 128886989,
        "longitudeE7" : 748629702,
        "placeId" : "ChIJE5-HSGFbozsRAJkMiD4bPoM",
        "locationConfidence" : 1.3366816
      } ],
      "editConfirmationStatus" : "NOT_CONFIRMED"
    }
  }, {
    "activitySegment" : {
      "startLocation" : {
        "latitudeE7" : 128887230,
        "longitudeE7" : 748630908,
        "sourceInfo" : {
          "deviceTag" : -1399941663
        }
      },
      "endLocation" : {
        "latitudeE7" : 128869487,
        "longitudeE7" : 748149382,
        "sourceInfo" : {
          "deviceTag" : -1399941663
        }
      },
      "duration" : {
        "startTimestampMs" : "1603507256428",
        "endTimestampMs" : "1603508848976"
      },
      "distance" : 5223,
      "activityType" : "IN_PASSENGER_VEHICLE",
      "confidence" : "HIGH",
      "activities" : [ {
        "activityType" : "IN_PASSENGER_VEHICLE",
        "probability" : 87.4420702457428
      }, {
        "activityType" : "MOTORCYCLING",
        "probability" : 7.522290945053101
      }, {
        "activityType" : "WALKING",
        "probability" : 2.5695176795125008
      }, {
        "activityType" : "CYCLING",
        "probability" : 1.7450116574764252
      }, {
        "activityType" : "STILL",
        "probability" : 0.2772106556221843
      }, {
        "activityType" : "IN_BUS",
        "probability" : 0.24681317154318094
      }, {
        "activityType" : "RUNNING",
        "probability" : 0.08583203889429569
      }, {
        "activityType" : "IN_FERRY",
        "probability" : 0.06702888640575111
      }, {
        "activityType" : "FLYING",
        "probability" : 0.01773982949089259
      }, {
        "activityType" : "SKIING",
        "probability" : 0.013711806968785822
      }, {
        "activityType" : "IN_TRAIN",
        "probability" : 0.005938723188592121
      }, {
        "activityType" : "SAILING",
        "probability" : 0.00444551624241285
      }, {
        "activityType" : "IN_SUBWAY",
        "probability" : 0.0020524790670606308
      }, {
        "activityType" : "IN_TRAM",
        "probability" : 3.220236976630986E-4
      }, {
        "activityType" : "IN_VEHICLE",
        "probability" : 1.4302355566542246E-5
      } ],
      "simplifiedRawPath" : {
        "points" : [ {
          "latE7" : 128999625,
          "lngE7" : 748130892,
          "timestampMs" : "1603508238166",
          "accuracyMeters" : 104
        } ]
      },
      "parkingEvent" : {
        "timestampMs" : "1603508801737",
        "location" : {
          "latitudeE7" : 128870013,
          "longitudeE7" : 748163665,
          "accuracyMetres" : 87
        }
      }
    }
  }, {
    "placeVisit" : {
      "location" : {
        "latitudeE7" : 128868102,
        "longitudeE7" : 748151595,
        "placeId" : "ChIJ-dtVpJJaozsRKVp35baZNI0",
        "address" : "VRP8+P3F\nKasba Bengre\nMangalore, Karnataka 575010\nIndia",
        "name" : "Tannirbhavi Beach",
        "sourceInfo" : {
          "deviceTag" : -1399941663
        },
        "locationConfidence" : 92.36395
      },
      "duration" : {
        "startTimestampMs" : "1603508848976",
        "endTimestampMs" : "1603509746218"
      },
      "placeConfidence" : "MEDIUM_CONFIDENCE",
      "centerLatE7" : 128871433,
      "centerLngE7" : 748149233,
      "visitConfidence" : 95,
      "otherCandidateLocations" : [ {
        "latitudeE7" : 128869484,
        "longitudeE7" : 748177776,
        "placeId" : "ChIJD9Y3O41aozsRQ-FHn1ifKAk",
        "locationConfidence" : 1.2629068
      }, {
        "latitudeE7" : 128867432,
        "longitudeE7" : 748156121,
        "placeId" : "ChIJzbN_p5JaozsRyVEj-Hzjarw",
        "locationConfidence" : 0.430662
      }, {
        "latitudeE7" : 128872887,
        "longitudeE7" : 748163129,
        "placeId" : "ChIJVeSJORJbozsRhEESQAKzD6I",
        "locationConfidence" : 0.31928086
      }, {
        "latitudeE7" : 128960577,
        "longitudeE7" : 748243501,
        "placeId" : "ChIJ5TX-9IhaozsRJd8AlSC27JU",
        "locationConfidence" : 0.08945807
      } ],
      "editConfirmationStatus" : "NOT_CONFIRMED"
    }
  }, {
    "activitySegment" : {
      "startLocation" : {
        "latitudeE7" : 128872273,
        "longitudeE7" : 748149391,
        "sourceInfo" : {
          "deviceTag" : -1399941663
        }
      },
      "endLocation" : {
        "latitudeE7" : 128878906,
        "longitudeE7" : 748566973,
        "sourceInfo" : {
          "deviceTag" : -1399941663
        }
      },
      "duration" : {
        "startTimestampMs" : "1603509746218",
        "endTimestampMs" : "1603512943017"
      },
      "distance" : 4776,
      "activityType" : "IN_PASSENGER_VEHICLE",
      "confidence" : "MEDIUM",
      "activities" : [ {
        "activityType" : "IN_PASSENGER_VEHICLE",
        "probability" : 76.87053680419922
      }, {
        "activityType" : "WALKING",
        "probability" : 8.215165138244629
      }, {
        "activityType" : "STILL",
        "probability" : 6.52289018034935
      }, {
        "activityType" : "MOTORCYCLING",
        "probability" : 5.761048570275307
      }, {
        "activityType" : "CYCLING",
        "probability" : 1.9304875284433365
      }, {
        "activityType" : "RUNNING",
        "probability" : 0.2431004773825407
      }, {
        "activityType" : "IN_BUS",
        "probability" : 0.2202973235398531
      }, {
        "activityType" : "IN_FERRY",
        "probability" : 0.1503756851889193
      }, {
        "activityType" : "FLYING",
        "probability" : 0.03635532921180129
      }, {
        "activityType" : "SKIING",
        "probability" : 0.018837119569070637
      }, {
        "activityType" : "SAILING",
        "probability" : 0.01576092909090221
      }, {
        "activityType" : "IN_TRAIN",
        "probability" : 0.012976530706509948
      }, {
        "activityType" : "IN_SUBWAY",
        "probability" : 0.0016674506696290337
      }, {
        "activityType" : "IN_TRAM",
        "probability" : 4.685306066676276E-4
      }, {
        "activityType" : "IN_VEHICLE",
        "probability" : 4.298628084598022E-5
      } ],
      "simplifiedRawPath" : {
        "points" : [ {
          "latE7" : 128885405,
          "lngE7" : 748148322,
          "timestampMs" : "1603511203593",
          "accuracyMeters" : 17
        }, {
          "latE7" : 128880206,
          "lngE7" : 748148411,
          "timestampMs" : "1603511273908",
          "accuracyMeters" : 9
        }, {
          "latE7" : 128909921,
          "lngE7" : 748155158,
          "timestampMs" : "1603511800256",
          "accuracyMeters" : 128
        }, {
          "latE7" : 128909099,
          "lngE7" : 748533060,
          "timestampMs" : "1603512822042",
          "accuracyMeters" : 122
        } ]
      },
      "parkingEvent" : {
        "timestampMs" : "1603513063911",
        "location" : {
          "latitudeE7" : 128878901,
          "longitudeE7" : 748566991,
          "accuracyMetres" : 90
        }
      }
    }
  }, {
    "placeVisit" : {
      "location" : {
        "latitudeE7" : 128879281,
        "longitudeE7" : 748561398,
        "placeId" : "ChIJccvEHRZaozsRArMPHdHkDUM",
        "address" : "Park Rd\nKadri Hills, Kadri\nMangalore, Karnataka 575004\nIndia",
        "name" : "Dinki Dine veg.restaurant",
        "sourceInfo" : {
          "deviceTag" : -1399941663
        },
        "locationConfidence" : 68.1204
      },
      "duration" : {
        "startTimestampMs" : "1603512943017",
        "endTimestampMs" : "1603513490157"
      },
      "placeConfidence" : "MEDIUM_CONFIDENCE",
      "centerLatE7" : 128878750,
      "centerLngE7" : 748566925,
      "visitConfidence" : 90,
      "otherCandidateLocations" : [ {
        "latitudeE7" : 128881028,
        "longitudeE7" : 748559207,
        "placeId" : "ChIJFcaL4xVaozsR61nURPjAh3Q",
        "locationConfidence" : 12.961446
      }, {
        "latitudeE7" : 128881672,
        "longitudeE7" : 748555723,
        "placeId" : "ChIJkXb0BD5aozsR8PjcK7X1U8U",
        "locationConfidence" : 8.927112
      }, {
        "latitudeE7" : 128878702,
        "longitudeE7" : 748567084,
        "placeId" : "ChIJ3eTR_T1aozsRMb6iF7TMbNs",
        "locationConfidence" : 4.8298955
      }, {
        "latitudeE7" : 128878779,
        "longitudeE7" : 748564972,
        "placeId" : "ChIJTUNPBz5aozsRxFo-ZyHISnk",
        "locationConfidence" : 0.9516604
      }, {
        "latitudeE7" : 128880170,
        "longitudeE7" : 748563955,
        "placeId" : "ChIJ943ahEtaozsRQ3XeglCgFf8",
        "locationConfidence" : 0.63527834
      } ],
      "editConfirmationStatus" : "NOT_CONFIRMED"
    }
  }, {
    "activitySegment" : {
      "startLocation" : {
        "latitudeE7" : 128878905,
        "longitudeE7" : 748566979,
        "sourceInfo" : {
          "deviceTag" : -1399941663
        }
      },
      "endLocation" : {
        "latitudeE7" : 128887236,
        "longitudeE7" : 748630991,
        "sourceInfo" : {
          "deviceTag" : -1399941663
        }
      },
      "duration" : {
        "startTimestampMs" : "1603513490157",
        "endTimestampMs" : "1603514257327"
      },
      "distance" : 700,
      "activityType" : "IN_PASSENGER_VEHICLE",
      "confidence" : "HIGH",
      "activities" : [ {
        "activityType" : "IN_PASSENGER_VEHICLE",
        "probability" : 78.06787490844727
      }, {
        "activityType" : "MOTORCYCLING",
        "probability" : 10.265080630779266
      }, {
        "activityType" : "WALKING",
        "probability" : 8.077146112918854
      }, {
        "activityType" : "CYCLING",
        "probability" : 1.842954009771347
      }, {
        "activityType" : "STILL",
        "probability" : 1.4651797711849213
      }, {
        "activityType" : "RUNNING",
        "probability" : 0.11180902365595102
      }, {
        "activityType" : "IN_BUS",
        "probability" : 0.09182958165183663
      }, {
        "activityType" : "IN_FERRY",
        "probability" : 0.040713459020480514
      }, {
        "activityType" : "FLYING",
        "probability" : 0.020495773060247302
      }, {
        "activityType" : "SKIING",
        "probability" : 0.009083356417249888
      }, {
        "activityType" : "SAILING",
        "probability" : 0.004218634421704337
      }, {
        "activityType" : "IN_TRAIN",
        "probability" : 0.0023464926925953478
      }, {
        "activityType" : "IN_SUBWAY",
        "probability" : 0.0011160302165080793
      }, {
        "activityType" : "IN_TRAM",
        "probability" : 1.0959506653307471E-4
      }, {
        "activityType" : "IN_VEHICLE",
        "probability" : 4.731940634883358E-5
      } ],
      "simplifiedRawPath" : {
        "points" : [ {
          "latE7" : 128907049,
          "lngE7" : 748547980,
          "timestampMs" : "1603513981278",
          "accuracyMeters" : 313
        }, {
          "latE7" : 128908707,
          "lngE7" : 748535075,
          "timestampMs" : "1603514006405",
          "accuracyMeters" : 128
        }, {
          "latE7" : 128877743,
          "lngE7" : 748629574,
          "timestampMs" : "1603514125896",
          "accuracyMeters" : 300
        } ]
      },
      "parkingEvent" : {
        "timestampMs" : "1603514257036",
        "location" : {
          "latitudeE7" : 128887233,
          "longitudeE7" : 748630966,
          "accuracyMetres" : 65
        }
      }
    }
  }, {
    "placeVisit" : {
      "location" : {
        "latitudeE7" : 128891859,
        "longitudeE7" : 748635259,
        "placeId" : "ChIJZYJODBhaozsRdmp0TurVoyA",
        "address" : "Shradhananda Ashram Road\nPadua\nnear Padua College\nKadri Hills, Kadri\nMangalore, Karnataka 575005\nIndia",
        "name" : "Eden Aquatic and Sports Foundations",
        "semanticType" : "TYPE_HOME",
        "sourceInfo" : {
          "deviceTag" : -1399941663
        },
        "locationConfidence" : 79.118416
      },
      "duration" : {
        "startTimestampMs" : "1603514257327",
        "endTimestampMs" : "1603681720865"
      },
      "placeConfidence" : "HIGH_CONFIDENCE",
      "centerLatE7" : 128888589,
      "centerLngE7" : 748628669,
      "visitConfidence" : 89,
      "otherCandidateLocations" : [ {
        "latitudeE7" : 128886989,
        "longitudeE7" : 748629702,
        "placeId" : "ChIJE5-HSGFbozsRAJkMiD4bPoM",
        "locationConfidence" : 10.350239
      }, {
        "latitudeE7" : 128890200,
        "longitudeE7" : 748629490,
        "placeId" : "ChIJN50sBBhaozsRa7xlVLZE8KY",
        "semanticType" : "TYPE_SEARCHED_ADDRESS",
        "locationConfidence" : 7.542412
      }, {
        "latitudeE7" : 128891920,
        "longitudeE7" : 748628830,
        "placeId" : "ChIJpYzzBBhaozsRG8sordzEw5o",
        "semanticType" : "TYPE_SEARCHED_ADDRESS",
        "locationConfidence" : 1.4169503
      }, {
        "latitudeE7" : 128897660,
        "longitudeE7" : 748631980,
        "placeId" : "ChIJ4apFFxhaozsRIcwPA3QgrtY",
        "semanticType" : "TYPE_SEARCHED_ADDRESS",
        "locationConfidence" : 0.34030318
      } ],
      "editConfirmationStatus" : "NOT_CONFIRMED"
    }
  }, {
    "activitySegment" : {
      "startLocation" : {
        "latitudeE7" : 128887889,
        "longitudeE7" : 748629668,
        "sourceInfo" : {
          "deviceTag" : -1399941663
        }
      },
      "endLocation" : {
        "latitudeE7" : 128851603,
        "longitudeE7" : 748668766,
        "sourceInfo" : {
          "deviceTag" : -1399941663
        }
      },
      "duration" : {
        "startTimestampMs" : "1603681720865",
        "endTimestampMs" : "1603683122682"
      },
      "distance" : 585,
      "activityType" : "MOTORCYCLING",
      "confidence" : "LOW",
      "activities" : [ {
        "activityType" : "MOTORCYCLING",
        "probability" : 38.400107622146606
      }, {
        "activityType" : "WALKING",
        "probability" : 25.44437050819397
      }, {
        "activityType" : "IN_PASSENGER_VEHICLE",
        "probability" : 23.019909858703613
      }, {
        "activityType" : "CYCLING",
        "probability" : 7.0922985672950745
      }, {
        "activityType" : "STILL",
        "probability" : 4.671752080321312
      }, {
        "activityType" : "IN_BUS",
        "probability" : 0.39182151667773724
      }, {
        "activityType" : "RUNNING",
        "probability" : 0.36298930644989014
      }, {
        "activityType" : "IN_FERRY",
        "probability" : 0.34880428574979305
      }, {
        "activityType" : "SKIING",
        "probability" : 0.08558986592106521
      }, {
        "activityType" : "SAILING",
        "probability" : 0.07180206594057381
      }, {
        "activityType" : "FLYING",
        "probability" : 0.07179849199019372
      }, {
        "activityType" : "IN_TRAIN",
        "probability" : 0.03399433335289359
      }, {
        "activityType" : "IN_SUBWAY",
        "probability" : 0.00424821519118268
      }, {
        "activityType" : "IN_VEHICLE",
        "probability" : 3.1953593406797154E-4
      }, {
        "activityType" : "IN_TRAM",
        "probability" : 1.9686056020873366E-4
      } ],
      "waypointPath" : {
        "waypoints" : [ {
          "latE7" : 128887872,
          "lngE7" : 748629684
        }, {
          "latE7" : 128839788,
          "lngE7" : 748638458
        }, {
          "latE7" : 128850193,
          "lngE7" : 748666763
        } ]
      },
      "parkingEvent" : {
        "timestampMs" : "1603683304176",
        "location" : {
          "latitudeE7" : 128854652,
          "longitudeE7" : 748665438,
          "accuracyMetres" : 152
        }
      }
    }
  }, {
    "placeVisit" : {
      "location" : {
        "latitudeE7" : 128852529,
        "longitudeE7" : 748666010,
        "placeId" : "ChIJG3azuSNaozsRTnfioDeufOo",
        "address" : "Chandra - Geetha Complex\nBikarnakatte\nKadri Hills, Kadri\nMangalore, Karnataka 575005\nIndia",
        "name" : "Photoshop Digital Studio",
        "sourceInfo" : {
          "deviceTag" : -1399941663
        },
        "locationConfidence" : 28.24199
      },
      "duration" : {
        "startTimestampMs" : "1603683122682",
        "endTimestampMs" : "1603684942851"
      },
      "placeConfidence" : "LOW_CONFIDENCE",
      "centerLatE7" : 128854886,
      "centerLngE7" : 748666829,
      "visitConfidence" : 92,
      "otherCandidateLocations" : [ {
        "latitudeE7" : 128848868,
        "longitudeE7" : 748657537,
        "placeId" : "ChIJKzjGoyNaozsRAUOyJ4d0rwA",
        "locationConfidence" : 27.397552
      }, {
        "latitudeE7" : 128856548,
        "longitudeE7" : 748667236,
        "placeId" : "ChIJ_X9rtiNaozsRePAlX5bYLEU",
        "locationConfidence" : 14.004252
      }, {
        "latitudeE7" : 128855430,
        "longitudeE7" : 748666499,
        "placeId" : "ChIJWzKttyNaozsRv4CzO-LOawo",
        "locationConfidence" : 7.520845
      }, {
        "latitudeE7" : 128849336,
        "longitudeE7" : 748670364,
        "placeId" : "ChIJqfUjwSNaozsRGKu4hxhg0tk",
        "locationConfidence" : 6.769988
      }, {
        "latitudeE7" : 128856696,
        "longitudeE7" : 748667149,
        "placeId" : "ChIJl_gStiNaozsRB-STMoBVsTM",
        "locationConfidence" : 2.7250285
      }, {
        "latitudeE7" : 128850162,
        "longitudeE7" : 748667985,
        "placeId" : "ChIJwyZ03ztbozsR36tqneTze4s",
        "locationConfidence" : 2.417594
      }, {
        "latitudeE7" : 128846956,
        "longitudeE7" : 748671901,
        "placeId" : "ChIJAT0oLLhbozsRvXbYPj8zzuQ",
        "locationConfidence" : 2.020199
      }, {
        "latitudeE7" : 128848763,
        "longitudeE7" : 748675132,
        "placeId" : "ChIJWWPUwiNaozsRCsyIKQF6jFA",
        "locationConfidence" : 1.979006
      }, {
        "latitudeE7" : 128851354,
        "longitudeE7" : 748661280,
        "placeId" : "ChIJwReSlsxbozsRZt4Kk8qOTTU",
        "locationConfidence" : 1.8474718
      } ],
      "editConfirmationStatus" : "NOT_CONFIRMED"
    }
  }, {
    "activitySegment" : {
      "startLocation" : {
        "latitudeE7" : 128859127,
        "longitudeE7" : 748669777,
        "sourceInfo" : {
          "deviceTag" : -1399941663
        }
      },
      "endLocation" : {
        "latitudeE7" : 128887352,
        "longitudeE7" : 748629749,
        "sourceInfo" : {
          "deviceTag" : -1399941663
        }
      },
      "duration" : {
        "startTimestampMs" : "1603684942851",
        "endTimestampMs" : "1603685250678"
      },
      "distance" : 535,
      "activityType" : "MOTORCYCLING",
      "confidence" : "LOW",
      "activities" : [ {
        "activityType" : "MOTORCYCLING",
        "probability" : 52.41514444351196
      }, {
        "activityType" : "IN_PASSENGER_VEHICLE",
        "probability" : 21.74641489982605
      }, {
        "activityType" : "WALKING",
        "probability" : 20.533348619937897
      }, {
        "activityType" : "CYCLING",
        "probability" : 4.717322438955307
      }, {
        "activityType" : "RUNNING",
        "probability" : 0.18220706842839718
      }, {
        "activityType" : "STILL",
        "probability" : 0.12631145073100924
      }, {
        "activityType" : "IN_FERRY",
        "probability" : 0.09401075658388436
      }, {
        "activityType" : "IN_BUS",
        "probability" : 0.09368989267386496
      }, {
        "activityType" : "FLYING",
        "probability" : 0.04649799666367471
      }, {
        "activityType" : "SAILING",
        "probability" : 0.025110988644883037
      }, {
        "activityType" : "SKIING",
        "probability" : 0.01458241167711094
      }, {
        "activityType" : "IN_TRAIN",
        "probability" : 0.004283706221031025
      }, {
        "activityType" : "IN_SUBWAY",
        "probability" : 0.0010236966772936285
      }, {
        "activityType" : "IN_VEHICLE",
        "probability" : 3.215880326479237E-5
      }, {
        "activityType" : "IN_TRAM",
        "probability" : 1.222691281554944E-5
      } ],
      "waypointPath" : {
        "waypoints" : [ {
          "latE7" : 128859481,
          "lngE7" : 748668670
        }, {
          "latE7" : 128856849,
          "lngE7" : 748659667
        }, {
          "latE7" : 128887615,
          "lngE7" : 748629989
        } ]
      },
      "parkingEvent" : {
        "timestampMs" : "1603685381449",
        "location" : {
          "latitudeE7" : 128887350,
          "longitudeE7" : 748629766,
          "accuracyMetres" : 120
        }
      }
    }
  }, {
    "placeVisit" : {
      "location" : {
        "latitudeE7" : 128891859,
        "longitudeE7" : 748635259,
        "placeId" : "ChIJZYJODBhaozsRdmp0TurVoyA",
        "address" : "Shradhananda Ashram Road\nPadua\nnear Padua College\nKadri Hills, Kadri\nMangalore, Karnataka 575005\nIndia",
        "name" : "Eden Aquatic and Sports Foundations",
        "semanticType" : "TYPE_HOME",
        "sourceInfo" : {
          "deviceTag" : -1399941663
        },
        "locationConfidence" : 71.302826
      },
      "duration" : {
        "startTimestampMs" : "1603685250678",
        "endTimestampMs" : "1607424132933"
      },
      "placeConfidence" : "HIGH_CONFIDENCE",
      "centerLatE7" : 128888216,
      "centerLngE7" : 748628726,
      "visitConfidence" : 88,
      "otherCandidateLocations" : [ {
        "latitudeE7" : 128886989,
        "longitudeE7" : 748629702,
        "placeId" : "ChIJE5-HSGFbozsRAJkMiD4bPoM",
        "locationConfidence" : 13.306339
      }, {
        "latitudeE7" : 128890200,
        "longitudeE7" : 748629490,
        "placeId" : "ChIJN50sBBhaozsRa7xlVLZE8KY",
        "semanticType" : "TYPE_SEARCHED_ADDRESS",
        "locationConfidence" : 12.151393
      }, {
        "latitudeE7" : 128891920,
        "longitudeE7" : 748628830,
        "placeId" : "ChIJpYzzBBhaozsRG8sordzEw5o",
        "semanticType" : "TYPE_SEARCHED_ADDRESS",
        "locationConfidence" : 1.9799901
      }, {
        "latitudeE7" : 128897660,
        "longitudeE7" : 748631980,
        "placeId" : "ChIJ4apFFxhaozsRIcwPA3QgrtY",
        "semanticType" : "TYPE_SEARCHED_ADDRESS",
        "locationConfidence" : 0.40900218
      } ],
      "editConfirmationStatus" : "NOT_CONFIRMED"
    }
  } ]
}