{
  "timelineObjects" : [ {
    "placeVisit" : {
      "location" : {
        "latitudeE7" : 128891859,
        "longitudeE7" : 748635259,
        "placeId" : "ChIJZYJODBhaozsRdmp0TurVoyA",
        "address" : "Shradhananda Ashram Road\nPadua\nnear Padua College\nKadri Hills, Kadri\nMangalore, Karnataka 575005\nIndia",
        "name" : "Eden Aquatic and Sports Foundations",
        "semanticType" : "TYPE_HOME",
        "sourceInfo" : {
          "deviceTag" : -1399941663
        },
        "locationConfidence" : 88.088486
      },
      "duration" : {
        "startTimestampMs" : "1594403255943",
        "endTimestampMs" : "1594466397678"
      },
      "placeConfidence" : "HIGH_CONFIDENCE",
      "centerLatE7" : 128888400,
      "centerLngE7" : 748629100,
      "visitConfidence" : 91,
      "otherCandidateLocations" : [ {
        "latitudeE7" : 128890200,
        "longitudeE7" : 748629490,
        "placeId" : "ChIJN50sBBhaozsRa7xlVLZE8KY",
        "semanticType" : "TYPE_SEARCHED_ADDRESS",
        "locationConfidence" : 5.1165123
      }, {
        "latitudeE7" : 128886989,
        "longitudeE7" : 748629702,
        "placeId" : "ChIJE5-HSGFbozsRAJkMiD4bPoM",
        "locationConfidence" : 2.421754
      }, {
        "latitudeE7" : 128891920,
        "longitudeE7" : 748628830,
        "placeId" : "ChIJpYzzBBhaozsRG8sordzEw5o",
        "semanticType" : "TYPE_SEARCHED_ADDRESS",
        "locationConfidence" : 2.1906197
      }, {
        "latitudeE7" : 128875092,
        "longitudeE7" : 748617924,
        "placeId" : "ChIJD3baTj1aozsRJDU2VRkyBxM",
        "semanticType" : "TYPE_SEARCHED_ADDRESS",
        "locationConfidence" : 1.0894344
      }, {
        "latitudeE7" : 128897660,
        "longitudeE7" : 748631980,
        "placeId" : "ChIJ4apFFxhaozsRIcwPA3QgrtY",
        "semanticType" : "TYPE_SEARCHED_ADDRESS",
        "locationConfidence" : 0.563269
      } ],
      "editConfirmationStatus" : "NOT_CONFIRMED"
    }
  }, {
    "placeVisit" : {
      "location" : {
        "latitudeE7" : 128891859,
        "longitudeE7" : 748635259,
        "placeId" : "ChIJZYJODBhaozsRdmp0TurVoyA",
        "address" : "Shradhananda Ashram Road\nPadua\nnear Padua College\nKadri Hills, Kadri\nMangalore, Karnataka 575005\nIndia",
        "name" : "Eden Aquatic and Sports Foundations",
        "semanticType" : "TYPE_HOME",
        "sourceInfo" : {
          "deviceTag" : -1399941663
        },
        "locationConfidence" : 90.22726
      },
      "duration" : {
        "startTimestampMs" : "1594624378106",
        "endTimestampMs" : "1594628645753"
      },
      "placeConfidence" : "HIGH_CONFIDENCE",
      "centerLatE7" : 128888717,
      "centerLngE7" : 748626742,
      "visitConfidence" : 91,
      "otherCandidateLocations" : [ {
        "latitudeE7" : 128890200,
        "longitudeE7" : 748629490,
        "placeId" : "ChIJN50sBBhaozsRa7xlVLZE8KY",
        "semanticType" : "TYPE_SEARCHED_ADDRESS",
        "locationConfidence" : 3.4556966
      }, {
        "latitudeE7" : 128891920,
        "longitudeE7" : 748628830,
        "placeId" : "ChIJpYzzBBhaozsRG8sordzEw5o",
        "semanticType" : "TYPE_SEARCHED_ADDRESS",
        "locationConfidence" : 2.6059177
      }, {
        "latitudeE7" : 128875092,
        "longitudeE7" : 748617924,
        "placeId" : "ChIJD3baTj1aozsRJDU2VRkyBxM",
        "semanticType" : "TYPE_SEARCHED_ADDRESS",
        "locationConfidence" : 1.4318113
      }, {
        "latitudeE7" : 128897660,
        "longitudeE7" : 748631980,
        "placeId" : "ChIJ4apFFxhaozsRIcwPA3QgrtY",
        "semanticType" : "TYPE_SEARCHED_ADDRESS",
        "locationConfidence" : 0.6419847
      }, {
        "latitudeE7" : 128886989,
        "longitudeE7" : 748629702,
        "placeId" : "ChIJE5-HSGFbozsRAJkMiD4bPoM",
        "locationConfidence" : 0.5109243
      }, {
        "latitudeE7" : 128877655,
        "longitudeE7" : 748610544,
        "placeId" : "ChIJKxTBQj1aozsRZfw7XKSjtm0",
        "locationConfidence" : 0.5022479
      } ],
      "editConfirmationStatus" : "NOT_CONFIRMED"
    }
  }, {
    "placeVisit" : {
      "location" : {
        "latitudeE7" : 128917588,
        "longitudeE7" : 748678034,
        "placeId" : "ChIJ3zaUKRlaozsRNtYQjz3kf3U",
        "address" : "9-153/24, Shakthinagar\nYeyyadi\nMangalore, Karnataka 575016\nIndia",
        "name" : "Wireless Monitoring Station, Department of Telecommunications, Ministry of Communication & IT, Government of India",
        "sourceInfo" : {
          "deviceTag" : -1399941663
        },
        "locationConfidence" : 35.550907
      },
      "duration" : {
        "startTimestampMs" : "1594628645753",
        "endTimestampMs" : "1594635421247"
      },
      "placeConfidence" : "MEDIUM_CONFIDENCE",
      "centerLatE7" : 128928450,
      "centerLngE7" : 748689850,
      "visitConfidence" : 65,
      "otherCandidateLocations" : [ {
        "latitudeE7" : 128934110,
        "longitudeE7" : 748692392,
        "placeId" : "ChIJleUYuR5aozsRUFwqMd-FW60",
        "locationConfidence" : 23.436281
      }, {
        "latitudeE7" : 128910755,
        "longitudeE7" : 748694687,
        "placeId" : "ChIJgwxN0lZbozsRW2iNhSXgk1I",
        "locationConfidence" : 11.57111
      }, {
        "latitudeE7" : 128913844,
        "longitudeE7" : 748680406,
        "placeId" : "ChIJnb2hxVFbozsR9HbhovNYYfg",
        "locationConfidence" : 9.585417
      }, {
        "latitudeE7" : 128926000,
        "longitudeE7" : 748691190,
        "placeId" : "ChIJM8AXxR5aozsRXLST3fmSq6A",
        "locationConfidence" : 6.1352134
      }, {
        "latitudeE7" : 128911090,
        "longitudeE7" : 748686340,
        "placeId" : "ChIJo6qqqhlaozsRgFOuACJ2cKQ",
        "locationConfidence" : 5.243861
      }, {
        "latitudeE7" : 128929850,
        "longitudeE7" : 748691810,
        "placeId" : "ChIJ7ab3xh5aozsRqifRnyCfAWw",
        "locationConfidence" : 3.0913846
      }, {
        "latitudeE7" : 128923389,
        "longitudeE7" : 748677760,
        "placeId" : "ChIJzfeuI5JbozsR4RHDmzmd9sc",
        "locationConfidence" : 2.659257
      }, {
        "latitudeE7" : 128906991,
        "longitudeE7" : 748689263,
        "placeId" : "ChIJ6ZVFNx9aozsRDiqn2bOQgME",
        "locationConfidence" : 1.1416801
      }, {
        "latitudeE7" : 128923230,
        "longitudeE7" : 748692879,
        "placeId" : "ChIJdw-c2x5aozsRXockCyypk70",
        "locationConfidence" : 1.0000147
      } ],
      "editConfirmationStatus" : "NOT_CONFIRMED"
    }
  }, {
    "activitySegment" : {
      "startLocation" : {
        "latitudeE7" : 128930783,
        "longitudeE7" : 748699015,
        "sourceInfo" : {
          "deviceTag" : -1399941663
        }
      },
      "endLocation" : {
        "latitudeE7" : 128888500,
        "longitudeE7" : 748629041,
        "sourceInfo" : {
          "deviceTag" : -1399941663
        }
      },
      "duration" : {
        "startTimestampMs" : "1594635421247",
        "endTimestampMs" : "1594635623313"
      },
      "distance" : 892,
      "activityType" : "IN_PASSENGER_VEHICLE",
      "confidence" : "LOW",
      "activities" : [ {
        "activityType" : "IN_PASSENGER_VEHICLE",
        "probability" : 37.60432302951813
      }, {
        "activityType" : "MOTORCYCLING",
        "probability" : 30.249199271202087
      }, {
        "activityType" : "STILL",
        "probability" : 16.14626795053482
      }, {
        "activityType" : "WALKING",
        "probability" : 12.23302111029625
      }, {
        "activityType" : "CYCLING",
        "probability" : 2.505144476890564
      }, {
        "activityType" : "RUNNING",
        "probability" : 0.5030084401369095
      }, {
        "activityType" : "IN_FERRY",
        "probability" : 0.39217667654156685
      }, {
        "activityType" : "SAILING",
        "probability" : 0.11026279535144567
      }, {
        "activityType" : "FLYING",
        "probability" : 0.09132142295129597
      }, {
        "activityType" : "IN_BUS",
        "probability" : 0.07413175189867616
      }, {
        "activityType" : "IN_TRAIN",
        "probability" : 0.041524096741341054
      }, {
        "activityType" : "IN_SUBWAY",
        "probability" : 0.02897121594287455
      }, {
        "activityType" : "SKIING",
        "probability" : 0.0202431547222659
      }, {
        "activityType" : "IN_TRAM",
        "probability" : 2.633782742123003E-4
      }, {
        "activityType" : "IN_VEHICLE",
        "probability" : 1.4219613149180077E-4
      } ],
      "waypointPath" : {
        "waypoints" : [ {
          "latE7" : 128889207,
          "lngE7" : 748626098
        }, {
          "latE7" : 128887681,
          "lngE7" : 748629913
        }, {
          "latE7" : 128888502,
          "lngE7" : 748629074
        } ]
      },
      "parkingEvent" : {
        "timestampMs" : "1594635692628",
        "location" : {
          "latitudeE7" : 128888612,
          "longitudeE7" : 748628968,
          "accuracyMetres" : 78
        }
      }
    }
  }, {
    "placeVisit" : {
      "location" : {
        "latitudeE7" : 128891859,
        "longitudeE7" : 748635259,
        "placeId" : "ChIJZYJODBhaozsRdmp0TurVoyA",
        "address" : "Shradhananda Ashram Road\nPadua\nnear Padua College\nKadri Hills, Kadri\nMangalore, Karnataka 575005\nIndia",
        "name" : "Eden Aquatic and Sports Foundations",
        "semanticType" : "TYPE_HOME",
        "sourceInfo" : {
          "deviceTag" : -1399941663
        },
        "locationConfidence" : 90.401436
      },
      "duration" : {
        "startTimestampMs" : "1594635623313",
        "endTimestampMs" : "1594919611723"
      },
      "placeConfidence" : "HIGH_CONFIDENCE",
      "centerLatE7" : 128888472,
      "centerLngE7" : 748628879,
      "visitConfidence" : 89,
      "otherCandidateLocations" : [ {
        "latitudeE7" : 128890200,
        "longitudeE7" : 748629490,
        "placeId" : "ChIJN50sBBhaozsRa7xlVLZE8KY",
        "semanticType" : "TYPE_SEARCHED_ADDRESS",
        "locationConfidence" : 4.378702
      }, {
        "latitudeE7" : 128891920,
        "longitudeE7" : 748628830,
        "placeId" : "ChIJpYzzBBhaozsRG8sordzEw5o",
        "semanticType" : "TYPE_SEARCHED_ADDRESS",
        "locationConfidence" : 1.9398726
      }, {
        "latitudeE7" : 128886989,
        "longitudeE7" : 748629702,
        "placeId" : "ChIJE5-HSGFbozsRAJkMiD4bPoM",
        "locationConfidence" : 1.1856425
      }, {
        "latitudeE7" : 128875092,
        "longitudeE7" : 748617924,
        "placeId" : "ChIJD3baTj1aozsRJDU2VRkyBxM",
        "semanticType" : "TYPE_SEARCHED_ADDRESS",
        "locationConfidence" : 0.93829703
      }, {
        "latitudeE7" : 128897660,
        "longitudeE7" : 748631980,
        "placeId" : "ChIJ4apFFxhaozsRIcwPA3QgrtY",
        "semanticType" : "TYPE_SEARCHED_ADDRESS",
        "locationConfidence" : 0.46576935
      } ],
      "editConfirmationStatus" : "NOT_CONFIRMED"
    }
  }, {
    "activitySegment" : {
      "startLocation" : {
        "latitudeE7" : 129010196,
        "longitudeE7" : 748622264,
        "sourceInfo" : {
          "deviceTag" : -1255945040
        }
      },
      "endLocation" : {
        "latitudeE7" : 128888815,
        "longitudeE7" : 748628075,
        "sourceInfo" : {
          "deviceTag" : -1255945040
        }
      },
      "duration" : {
        "startTimestampMs" : "1595136871855",
        "endTimestampMs" : "1595136995003"
      },
      "distance" : 1351,
      "activityType" : "IN_PASSENGER_VEHICLE",
      "confidence" : "LOW",
      "activities" : [ {
        "activityType" : "IN_PASSENGER_VEHICLE",
        "probability" : 44.53032910823822
      }, {
        "activityType" : "MOTORCYCLING",
        "probability" : 23.11726063489914
      }, {
        "activityType" : "WALKING",
        "probability" : 14.551597833633423
      }, {
        "activityType" : "STILL",
        "probability" : 12.54778802394867
      }, {
        "activityType" : "CYCLING",
        "probability" : 2.1340256556868553
      }, {
        "activityType" : "IN_BUS",
        "probability" : 1.4171449467539787
      }, {
        "activityType" : "RUNNING",
        "probability" : 0.617964705452323
      }, {
        "activityType" : "FLYING",
        "probability" : 0.41314661502838135
      }, {
        "activityType" : "IN_TRAIN",
        "probability" : 0.3245869418606162
      }, {
        "activityType" : "IN_SUBWAY",
        "probability" : 0.23356166202574968
      }, {
        "activityType" : "IN_FERRY",
        "probability" : 0.08377428166568279
      }, {
        "activityType" : "SAILING",
        "probability" : 0.022063488722778857
      }, {
        "activityType" : "SKIING",
        "probability" : 0.0045415101340040565
      }, {
        "activityType" : "IN_TRAM",
        "probability" : 0.001696465551503934
      }, {
        "activityType" : "IN_VEHICLE",
        "probability" : 5.198330654820893E-4
      } ],
      "parkingEvent" : {
        "timestampMs" : "1595137114700",
        "location" : {
          "latitudeE7" : 128888815,
          "longitudeE7" : 748628075,
          "accuracyMetres" : 83
        }
      }
    }
  }, {
    "placeVisit" : {
      "location" : {
        "latitudeE7" : 128891859,
        "longitudeE7" : 748635259,
        "placeId" : "ChIJZYJODBhaozsRdmp0TurVoyA",
        "address" : "Shradhananda Ashram Road\nPadua\nnear Padua College\nKadri Hills, Kadri\nMangalore, Karnataka 575005\nIndia",
        "name" : "Eden Aquatic and Sports Foundations",
        "semanticType" : "TYPE_HOME",
        "sourceInfo" : {
          "deviceTag" : -1255945040
        },
        "locationConfidence" : 89.61383
      },
      "duration" : {
        "startTimestampMs" : "1595136995003",
        "endTimestampMs" : "1598852349549"
      },
      "placeConfidence" : "HIGH_CONFIDENCE",
      "centerLatE7" : 128888673,
      "centerLngE7" : 748627920,
      "visitConfidence" : 88,
      "otherCandidateLocations" : [ {
        "latitudeE7" : 128890200,
        "longitudeE7" : 748629490,
        "placeId" : "ChIJN50sBBhaozsRa7xlVLZE8KY",
        "semanticType" : "TYPE_SEARCHED_ADDRESS",
        "locationConfidence" : 4.023152
      }, {
        "latitudeE7" : 128891920,
        "longitudeE7" : 748628830,
        "placeId" : "ChIJpYzzBBhaozsRG8sordzEw5o",
        "semanticType" : "TYPE_SEARCHED_ADDRESS",
        "locationConfidence" : 2.0054517
      }, {
        "latitudeE7" : 128886989,
        "longitudeE7" : 748629702,
        "placeId" : "ChIJE5-HSGFbozsRAJkMiD4bPoM",
        "locationConfidence" : 1.0702099
      }, {
        "latitudeE7" : 128884368,
        "longitudeE7" : 748610433,
        "placeId" : "ChIJEYf-lD5aozsRhoPXciAryIg",
        "locationConfidence" : 1.0692784
      }, {
        "latitudeE7" : 128875092,
        "longitudeE7" : 748617924,
        "placeId" : "ChIJD3baTj1aozsRJDU2VRkyBxM",
        "semanticType" : "TYPE_SEARCHED_ADDRESS",
        "locationConfidence" : 1.0471882
      }, {
        "latitudeE7" : 128897660,
        "longitudeE7" : 748631980,
        "placeId" : "ChIJ4apFFxhaozsRIcwPA3QgrtY",
        "semanticType" : "TYPE_SEARCHED_ADDRESS",
        "locationConfidence" : 0.45662108
      } ],
      "editConfirmationStatus" : "NOT_CONFIRMED"
    }
  } ]
}