{
  "timelineObjects" : [ {
    "activitySegment" : {
      "startLocation" : {
        "latitudeE7" : 128889187,
        "longitudeE7" : 748626965,
        "sourceInfo" : {
          "deviceTag" : -1399941663
        }
      },
      "endLocation" : {
        "latitudeE7" : 129206268,
        "longitudeE7" : 748065087,
        "sourceInfo" : {
          "deviceTag" : -1399941663
        }
      },
      "duration" : {
        "startTimestampMs" : "1607424132933",
        "endTimestampMs" : "1607428237134"
      },
      "distance" : 7169,
      "activityType" : "IN_PASSENGER_VEHICLE",
      "confidence" : "LOW",
      "activities" : [ {
        "activityType" : "IN_PASSENGER_VEHICLE",
        "probability" : 54.16058301925659
      }, {
        "activityType" : "WALKING",
        "probability" : 33.82174074649811
      }, {
        "activityType" : "MOTORCYCLING",
        "probability" : 6.926340609788895
      }, {
        "activityType" : "STILL",
        "probability" : 3.429575264453888
      }, {
        "activityType" : "CYCLING",
        "probability" : 0.8831807412207127
      }, {
        "activityType" : "RUNNING",
        "probability" : 0.4744037054479122
      }, {
        "activityType" : "IN_BUS",
        "probability" : 0.22335813846439123
      }, {
        "activityType" : "FLYING",
        "probability" : 0.02798763453029096
      }, {
        "activityType" : "IN_FERRY",
        "probability" : 0.027265914832241833
      }, {
        "activityType" : "SKIING",
        "probability" : 0.011906425788765773
      }, {
        "activityType" : "IN_SUBWAY",
        "probability" : 0.005977604814688675
      }, {
        "activityType" : "SAILING",
        "probability" : 0.005262581544229761
      }, {
        "activityType" : "IN_TRAIN",
        "probability" : 0.0017221449525095522
      }, {
        "activityType" : "IN_TRAM",
        "probability" : 5.375070941227023E-4
      }, {
        "activityType" : "IN_VEHICLE",
        "probability" : 1.5236940953400335E-4
      } ],
      "simplifiedRawPath" : {
        "points" : [ {
          "latE7" : 128877616,
          "lngE7" : 748606249,
          "timestampMs" : "1607424434590",
          "accuracyMeters" : 26
        }, {
          "latE7" : 128999874,
          "lngE7" : 748134394,
          "timestampMs" : "1607425251237",
          "accuracyMeters" : 154
        } ]
      },
      "parkingEvent" : {
        "timestampMs" : "1607428289998",
        "location" : {
          "latitudeE7" : 129206185,
          "longitudeE7" : 748065232,
          "accuracyMetres" : 136
        }
      }
    }
  }, {
    "placeVisit" : {
      "location" : {
        "latitudeE7" : 129205506,
        "longitudeE7" : 748084308,
        "placeId" : "ChIJe03tMaRRozsRxgKytMoAiM0",
        "address" : "WRC5+69F\nNew Mangalore, Indian Oil Tank Farm, Kasba Bengre\nMangalore, Karnataka 575010\nIndia",
        "name" : "IMC Limited",
        "sourceInfo" : {
          "deviceTag" : -1399941663
        },
        "locationConfidence" : 81.57926
      },
      "duration" : {
        "startTimestampMs" : "1607428237134",
        "endTimestampMs" : "1607428800015"
      },
      "placeConfidence" : "MEDIUM_CONFIDENCE",
      "centerLatE7" : 129206125,
      "centerLngE7" : 748065150,
      "visitConfidence" : 78,
      "otherCandidateLocations" : [ {
        "latitudeE7" : 129204567,
        "longitudeE7" : 748087811,
        "placeId" : "ChIJL6WdZ8xRozsRVEoStly3NV0",
        "locationConfidence" : 8.915661
      }, {
        "latitudeE7" : 69187049,
        "longitudeE7" : 752240025,
        "placeId" : "ChIJ_9VGwlZvEDsR8DENqkX9O8o",
        "locationConfidence" : 2.41307
      } ],
      "editConfirmationStatus" : "NOT_CONFIRMED"
    }
  }, {
    "placeVisit" : {
      "location" : {
        "latitudeE7" : 129079226,
        "longitudeE7" : 748177304,
        "placeId" : "ChIJR1iS6EhbozsRbyQ7HGtZHIA",
        "address" : "Unnamed Road\nAshok Nagar\nMangalore, Karnataka\nIndia",
        "name" : "Dambel River Side",
        "sourceInfo" : {
          "deviceTag" : -1399941663
        },
        "locationConfidence" : 62.714333
      },
      "duration" : {
        "startTimestampMs" : "1607428800015",
        "endTimestampMs" : "1607430314095"
      },
      "placeConfidence" : "MEDIUM_CONFIDENCE",
      "centerLatE7" : 129101250,
      "centerLngE7" : 748179900,
      "visitConfidence" : 59,
      "otherCandidateLocations" : [ {
        "latitudeE7" : 129205506,
        "longitudeE7" : 748084308,
        "placeId" : "ChIJe03tMaRRozsRxgKytMoAiM0",
        "address" : "WRC5+69F\nNew Mangalore, Indian Oil Tank Farm, Kasba Bengre\nMangalore, Karnataka 575010\nIndia",
        "name" : "IMC Limited",
        "locationConfidence" : 25.59867
      }, {
        "latitudeE7" : 129204567,
        "longitudeE7" : 748087811,
        "placeId" : "ChIJL6WdZ8xRozsRVEoStly3NV0",
        "locationConfidence" : 5.781232
      }, {
        "latitudeE7" : 69187049,
        "longitudeE7" : 752240025,
        "placeId" : "ChIJ_9VGwlZvEDsR8DENqkX9O8o",
        "locationConfidence" : 4.2670827
      }, {
        "latitudeE7" : 129100628,
        "longitudeE7" : 748166045,
        "placeId" : "ChIJpT5CpRxRozsRojs2HHQ4kh0",
        "locationConfidence" : 1.6386853
      } ],
      "editConfirmationStatus" : "NOT_CONFIRMED"
    }
  }, {
    "activitySegment" : {
      "startLocation" : {
        "latitudeE7" : 129103003,
        "longitudeE7" : 748179962,
        "sourceInfo" : {
          "deviceTag" : -1399941663
        }
      },
      "endLocation" : {
        "latitudeE7" : 128858058,
        "longitudeE7" : 748413921,
        "sourceInfo" : {
          "deviceTag" : -1399941663
        }
      },
      "duration" : {
        "startTimestampMs" : "1607430314095",
        "endTimestampMs" : "1607434059971"
      },
      "distance" : 4896,
      "activityType" : "IN_PASSENGER_VEHICLE",
      "confidence" : "MEDIUM",
      "activities" : [ {
        "activityType" : "IN_PASSENGER_VEHICLE",
        "probability" : 61.743706464767456
      }, {
        "activityType" : "WALKING",
        "probability" : 26.70084834098816
      }, {
        "activityType" : "MOTORCYCLING",
        "probability" : 5.849835649132729
      }, {
        "activityType" : "STILL",
        "probability" : 4.22956682741642
      }, {
        "activityType" : "CYCLING",
        "probability" : 0.7111344952136278
      }, {
        "activityType" : "RUNNING",
        "probability" : 0.3820369718596339
      }, {
        "activityType" : "IN_BUS",
        "probability" : 0.2465327735990286
      }, {
        "activityType" : "FLYING",
        "probability" : 0.051266729133203626
      }, {
        "activityType" : "IN_FERRY",
        "probability" : 0.04921155050396919
      }, {
        "activityType" : "SKIING",
        "probability" : 0.02167263737646863
      }, {
        "activityType" : "SAILING",
        "probability" : 0.008107528265099972
      }, {
        "activityType" : "IN_SUBWAY",
        "probability" : 0.0036531600926537067
      }, {
        "activityType" : "IN_TRAIN",
        "probability" : 0.0019049777620239183
      }, {
        "activityType" : "IN_TRAM",
        "probability" : 3.5878636026609456E-4
      }, {
        "activityType" : "IN_VEHICLE",
        "probability" : 1.6863026530700154E-4
      } ],
      "simplifiedRawPath" : {
        "points" : [ {
          "latE7" : 129050420,
          "lngE7" : 748109363,
          "timestampMs" : "1607430829679",
          "accuracyMeters" : 6
        }, {
          "latE7" : 128856714,
          "lngE7" : 748450475,
          "timestampMs" : "1607433154783",
          "accuracyMeters" : 500
        } ]
      },
      "parkingEvent" : {
        "timestampMs" : "1607434059971",
        "location" : {
          "latitudeE7" : 128858058,
          "longitudeE7" : 748413921,
          "accuracyMetres" : 160
        }
      }
    }
  }, {
    "placeVisit" : {
      "location" : {
        "latitudeE7" : 128860336,
        "longitudeE7" : 748408218,
        "placeId" : "ChIJ77HwkEJaozsRgiAlcGC7dPk",
        "address" : "Bejai Main Rd\nopp. KSRTC Bustand\nLalbagh\nMangalore, Karnataka 575003\nIndia",
        "name" : "Bharath Mall",
        "sourceInfo" : {
          "deviceTag" : -1399941663
        },
        "locationConfidence" : 25.498325
      },
      "duration" : {
        "startTimestampMs" : "1607434059971",
        "endTimestampMs" : "1607434192676"
      },
      "placeConfidence" : "LOW_CONFIDENCE",
      "centerLatE7" : 128858058,
      "centerLngE7" : 748413921,
      "visitConfidence" : 69,
      "otherCandidateLocations" : [ {
        "latitudeE7" : 128866416,
        "longitudeE7" : 748412995,
        "placeId" : "ChIJT4eIj0JaozsR_iBfkOMMGyI",
        "locationConfidence" : 20.908625
      }, {
        "latitudeE7" : 128862970,
        "longitudeE7" : 748408900,
        "placeId" : "ChIJFbPik0JaozsRYSPcMh0ZuzM",
        "locationConfidence" : 4.915443
      }, {
        "latitudeE7" : 128853457,
        "longitudeE7" : 748416000,
        "placeId" : "ChIJy5CYmvdbozsRe_vuPEUrBto",
        "locationConfidence" : 4.6287656
      }, {
        "latitudeE7" : 128858999,
        "longitudeE7" : 748416548,
        "placeId" : "ChIJgfuW8kJaozsRVRWQN3uGucM",
        "locationConfidence" : 1.52466
      }, {
        "latitudeE7" : 128856774,
        "longitudeE7" : 748421851,
        "placeId" : "ChIJVVVVlWtaozsRAinCR_9I_es",
        "locationConfidence" : 1.4412552
      }, {
        "latitudeE7" : 128863433,
        "longitudeE7" : 748408394,
        "placeId" : "ChIJlz8NR5JbozsRkFOFYitG_VY",
        "locationConfidence" : 1.3710439
      }, {
        "latitudeE7" : 128859477,
        "longitudeE7" : 748409003,
        "placeId" : "ChIJDZpzkUJaozsRWb_c1UQnkKk",
        "locationConfidence" : 1.1564195
      }, {
        "latitudeE7" : 128860036,
        "longitudeE7" : 748413606,
        "placeId" : "ChIJ3ZQom91bozsRdVXxFFbNADU",
        "locationConfidence" : 0.6714016
      }, {
        "latitudeE7" : 128854757,
        "longitudeE7" : 748417348,
        "placeId" : "ChIJwftKSzpaozsRVzEHDfW2oJ0",
        "locationConfidence" : 0.5978495
      } ],
      "editConfirmationStatus" : "NOT_CONFIRMED"
    }
  }, {
    "placeVisit" : {
      "location" : {
        "latitudeE7" : 128892507,
        "longitudeE7" : 748416961,
        "placeId" : "ChIJQ3XBS2haozsRcNxougTVZng",
        "address" : "Opposite Karnataka bank association hall\nnear Baliga stores\nBejai\nMangalore, Karnataka 575004\nIndia",
        "name" : "Chandu Chinese Food Centre",
        "sourceInfo" : {
          "deviceTag" : -1399941663
        },
        "locationConfidence" : 30.036133
      },
      "duration" : {
        "startTimestampMs" : "1607434192676",
        "endTimestampMs" : "1607437460576"
      },
      "placeConfidence" : "LOW_CONFIDENCE",
      "centerLatE7" : 128883733,
      "centerLngE7" : 748395600,
      "visitConfidence" : 89,
      "otherCandidateLocations" : [ {
        "latitudeE7" : 128860336,
        "longitudeE7" : 748408218,
        "placeId" : "ChIJ77HwkEJaozsRgiAlcGC7dPk",
        "address" : "Bejai Main Rd\nopp. KSRTC Bustand\nLalbagh\nMangalore, Karnataka 575003\nIndia",
        "name" : "Bharath Mall",
        "locationConfidence" : 19.456928
      }, {
        "latitudeE7" : 128866416,
        "longitudeE7" : 748412995,
        "placeId" : "ChIJT4eIj0JaozsR_iBfkOMMGyI",
        "locationConfidence" : 8.555567
      }, {
        "latitudeE7" : 128862970,
        "longitudeE7" : 748408900,
        "placeId" : "ChIJFbPik0JaozsRYSPcMh0ZuzM",
        "locationConfidence" : 5.3462696
      }, {
        "latitudeE7" : 128863706,
        "longitudeE7" : 748382440,
        "placeId" : "ChIJ99zmN11aozsRH3s1WZmdze8",
        "locationConfidence" : 2.1767685
      }, {
        "latitudeE7" : 128856908,
        "longitudeE7" : 748386271,
        "placeId" : "ChIJgbRwNl1aozsRwELq9mRIulw",
        "locationConfidence" : 1.1772183
      }, {
        "latitudeE7" : 128882284,
        "longitudeE7" : 748417120,
        "placeId" : "ChIJAb5fMmhaozsRyRbAlcrnp4M",
        "locationConfidence" : 1.0570811
      }, {
        "latitudeE7" : 128871796,
        "longitudeE7" : 748403529,
        "placeId" : "ChIJJxyxp0JaozsRfrT5bxiM9Q8",
        "locationConfidence" : 0.9989283
      }, {
        "latitudeE7" : 128863433,
        "longitudeE7" : 748408394,
        "placeId" : "ChIJlz8NR5JbozsRkFOFYitG_VY",
        "locationConfidence" : 0.79710597
      }, {
        "latitudeE7" : 128852058,
        "longitudeE7" : 748394992,
        "placeId" : "ChIJVVVVxVxaozsRkMjYO1HOEdw",
        "locationConfidence" : 0.54526126
      } ],
      "editConfirmationStatus" : "NOT_CONFIRMED"
    }
  }, {
    "activitySegment" : {
      "startLocation" : {
        "latitudeE7" : 128881456,
        "longitudeE7" : 748395645,
        "sourceInfo" : {
          "deviceTag" : -1399941663
        }
      },
      "endLocation" : {
        "latitudeE7" : 128888018,
        "longitudeE7" : 748625919,
        "sourceInfo" : {
          "deviceTag" : -1399941663
        }
      },
      "duration" : {
        "startTimestampMs" : "1607437460576",
        "endTimestampMs" : "1607438525040"
      },
      "distance" : 2497,
      "activityType" : "IN_PASSENGER_VEHICLE",
      "confidence" : "MEDIUM",
      "activities" : [ {
        "activityType" : "IN_PASSENGER_VEHICLE",
        "probability" : 76.96312665939331
      }, {
        "activityType" : "MOTORCYCLING",
        "probability" : 13.15317153930664
      }, {
        "activityType" : "WALKING",
        "probability" : 7.922758162021637
      }, {
        "activityType" : "STILL",
        "probability" : 0.9243219159543514
      }, {
        "activityType" : "CYCLING",
        "probability" : 0.599444005638361
      }, {
        "activityType" : "RUNNING",
        "probability" : 0.2655672375112772
      }, {
        "activityType" : "IN_BUS",
        "probability" : 0.13275592355057597
      }, {
        "activityType" : "IN_FERRY",
        "probability" : 0.015448391786776483
      }, {
        "activityType" : "FLYING",
        "probability" : 0.014337844913825393
      }, {
        "activityType" : "SKIING",
        "probability" : 0.0035014320019399747
      }, {
        "activityType" : "IN_SUBWAY",
        "probability" : 0.0029209768399596214
      }, {
        "activityType" : "SAILING",
        "probability" : 0.0015438965419889428
      }, {
        "activityType" : "IN_TRAIN",
        "probability" : 5.85058069191291E-4
      }, {
        "activityType" : "IN_VEHICLE",
        "probability" : 3.6432527394936187E-4
      }, {
        "activityType" : "IN_TRAM",
        "probability" : 1.5197354059637291E-4
      } ],
      "waypointPath" : {
        "waypoints" : [ {
          "latE7" : 128880910,
          "lngE7" : 748395004
        }, {
          "latE7" : 128908567,
          "lngE7" : 748540496
        }, {
          "latE7" : 128888235,
          "lngE7" : 748626632
        } ]
      },
      "parkingEvent" : {
        "timestampMs" : "1607438722179",
        "location" : {
          "latitudeE7" : 128889189,
          "longitudeE7" : 748627021,
          "accuracyMetres" : 92
        }
      }
    }
  }, {
    "placeVisit" : {
      "location" : {
        "latitudeE7" : 128891859,
        "longitudeE7" : 748635259,
        "placeId" : "ChIJZYJODBhaozsRdmp0TurVoyA",
        "address" : "Shradhananda Ashram Road\nPadua\nnear Padua College\nKadri Hills, Kadri\nMangalore, Karnataka 575005\nIndia",
        "name" : "Eden Aquatic and Sports Foundations",
        "semanticType" : "TYPE_HOME",
        "sourceInfo" : {
          "deviceTag" : -1399941663
        },
        "locationConfidence" : 88.41913
      },
      "duration" : {
        "startTimestampMs" : "1607438525040",
        "endTimestampMs" : "1608017589317"
      },
      "placeConfidence" : "HIGH_CONFIDENCE",
      "centerLatE7" : 128888935,
      "centerLngE7" : 748627050,
      "visitConfidence" : 88,
      "otherCandidateLocations" : [ {
        "latitudeE7" : 128886989,
        "longitudeE7" : 748629702,
        "placeId" : "ChIJE5-HSGFbozsRAJkMiD4bPoM",
        "locationConfidence" : 3.763549
      }, {
        "latitudeE7" : 128890200,
        "longitudeE7" : 748629490,
        "placeId" : "ChIJN50sBBhaozsRa7xlVLZE8KY",
        "semanticType" : "TYPE_SEARCHED_ADDRESS",
        "locationConfidence" : 2.3195837
      }, {
        "latitudeE7" : 128891920,
        "longitudeE7" : 748628830,
        "placeId" : "ChIJpYzzBBhaozsRG8sordzEw5o",
        "semanticType" : "TYPE_SEARCHED_ADDRESS",
        "locationConfidence" : 1.3641639
      }, {
        "latitudeE7" : 128897660,
        "longitudeE7" : 748631980,
        "placeId" : "ChIJ4apFFxhaozsRIcwPA3QgrtY",
        "semanticType" : "TYPE_SEARCHED_ADDRESS",
        "locationConfidence" : 0.43498924
      } ],
      "editConfirmationStatus" : "NOT_CONFIRMED"
    }
  }, {
    "activitySegment" : {
      "startLocation" : {
        "latitudeE7" : 128888102,
        "longitudeE7" : 748628769,
        "sourceInfo" : {
          "deviceTag" : -1399941663
        }
      },
      "endLocation" : {
        "latitudeE7" : 128156954,
        "longitudeE7" : 748588339,
        "sourceInfo" : {
          "deviceTag" : -1399941663
        }
      },
      "duration" : {
        "startTimestampMs" : "1608017589317",
        "endTimestampMs" : "1608018653480"
      },
      "distance" : 8141,
      "activityType" : "IN_PASSENGER_VEHICLE",
      "confidence" : "HIGH",
      "activities" : [ {
        "activityType" : "IN_PASSENGER_VEHICLE",
        "probability" : 90.80535173416138
      }, {
        "activityType" : "WALKING",
        "probability" : 3.710717335343361
      }, {
        "activityType" : "MOTORCYCLING",
        "probability" : 3.437148779630661
      }, {
        "activityType" : "STILL",
        "probability" : 0.7002947852015495
      }, {
        "activityType" : "CYCLING",
        "probability" : 0.561628770083189
      }, {
        "activityType" : "IN_FERRY",
        "probability" : 0.28777478728443384
      }, {
        "activityType" : "RUNNING",
        "probability" : 0.2071439754217863
      }, {
        "activityType" : "IN_BUS",
        "probability" : 0.12540871975943446
      }, {
        "activityType" : "FLYING",
        "probability" : 0.07954343454912305
      }, {
        "activityType" : "SKIING",
        "probability" : 0.07221255218610168
      }, {
        "activityType" : "SAILING",
        "probability" : 0.011705780343618244
      }, {
        "activityType" : "IN_SUBWAY",
        "probability" : 5.453951416711789E-4
      }, {
        "activityType" : "IN_TRAIN",
        "probability" : 3.0605301617470104E-4
      }, {
        "activityType" : "IN_TRAM",
        "probability" : 2.0900902200082783E-4
      }, {
        "activityType" : "IN_VEHICLE",
        "probability" : 2.3328611931106025E-6
      } ],
      "waypointPath" : {
        "waypoints" : [ {
          "latE7" : 128888416,
          "lngE7" : 748629150
        }, {
          "latE7" : 128839788,
          "lngE7" : 748638458
        }, {
          "latE7" : 128156957,
          "lngE7" : 748588256
        } ]
      },
      "parkingEvent" : {
        "timestampMs" : "1608018859762",
        "location" : {
          "latitudeE7" : 128746884,
          "longitudeE7" : 748586871,
          "accuracyMetres" : 80
        }
      }
    }
  }, {
    "placeVisit" : {
      "location" : {
        "latitudeE7" : 128161940,
        "longitudeE7" : 748428200,
        "placeId" : "ChIJQy5afXZcozsRlBfWIFCjdNI",
        "address" : "Chotamangalore\nAfter Nirmala Hospital\nAzad Nagar\nUllal, Karnataka 575020\nIndia",
        "name" : "Summer Sands Beach Resort",
        "sourceInfo" : {
          "deviceTag" : -1399941663
        },
        "locationConfidence" : 41.465225
      },
      "duration" : {
        "startTimestampMs" : "1608018653480",
        "endTimestampMs" : "1608032264458"
      },
      "placeConfidence" : "MEDIUM_CONFIDENCE",
      "centerLatE7" : 128148129,
      "centerLngE7" : 748409227,
      "visitConfidence" : 75,
      "otherCandidateLocations" : [ {
        "latitudeE7" : 128149600,
        "longitudeE7" : 748401970,
        "placeId" : "ChIJVZFfSXdcozsRbyXlxhWnShU",
        "locationConfidence" : 8.24231
      }, {
        "latitudeE7" : 128164541,
        "longitudeE7" : 748426578,
        "placeId" : "ChIJ6ZT-G3dcozsRGiZFGJZDExk",
        "locationConfidence" : 3.3848257
      }, {
        "latitudeE7" : 128145421,
        "longitudeE7" : 748402609,
        "placeId" : "ChIJW7Yxs3BcozsRWpXfVpMkmrE",
        "locationConfidence" : 3.3016353
      }, {
        "latitudeE7" : 128158683,
        "longitudeE7" : 748590169,
        "placeId" : "ChIJVV_0LAlcozsRG3hEjitf4fs",
        "locationConfidence" : 2.185452
      }, {
        "latitudeE7" : 128080296,
        "longitudeE7" : 748420678,
        "placeId" : "ChIJBfY5MXBcozsRf2yz7a6JDKE",
        "locationConfidence" : 1.8065125
      }, {
        "latitudeE7" : 128159650,
        "longitudeE7" : 748589720,
        "placeId" : "ChIJ9W3iLAlcozsRbdz_VoIbFys",
        "locationConfidence" : 1.758942
      }, {
        "latitudeE7" : 128156530,
        "longitudeE7" : 748590959,
        "placeId" : "ChIJy2WZ1A5cozsRB2dbdu54btM",
        "locationConfidence" : 1.5999258
      }, {
        "latitudeE7" : 128158709,
        "longitudeE7" : 748589616,
        "placeId" : "ChIJrYULIglcozsRFZot8k_uafc",
        "locationConfidence" : 0.70827305
      }, {
        "latitudeE7" : 128161445,
        "longitudeE7" : 748594018,
        "placeId" : "ChIJDXu3UA5cozsReRWkZGCbVdc",
        "locationConfidence" : 0.5455613
      } ],
      "editConfirmationStatus" : "NOT_CONFIRMED"
    }
  }, {
    "activitySegment" : {
      "startLocation" : {
        "latitudeE7" : 128844891,
        "longitudeE7" : 748643876,
        "sourceInfo" : {
          "deviceTag" : -1399941663
        }
      },
      "endLocation" : {
        "latitudeE7" : 128887096,
        "longitudeE7" : 748629566,
        "sourceInfo" : {
          "deviceTag" : -1399941663
        }
      },
      "duration" : {
        "startTimestampMs" : "1608032264458",
        "endTimestampMs" : "1608032518981"
      },
      "distance" : 494,
      "activityType" : "IN_PASSENGER_VEHICLE",
      "confidence" : "HIGH",
      "activities" : [ {
        "activityType" : "IN_PASSENGER_VEHICLE",
        "probability" : 89.43661451339722
      }, {
        "activityType" : "WALKING",
        "probability" : 4.464588686823845
      }, {
        "activityType" : "MOTORCYCLING",
        "probability" : 2.8870727866888046
      }, {
        "activityType" : "STILL",
        "probability" : 1.004914566874504
      }, {
        "activityType" : "IN_FERRY",
        "probability" : 0.7245242595672607
      }, {
        "activityType" : "CYCLING",
        "probability" : 0.6701967678964138
      }, {
        "activityType" : "RUNNING",
        "probability" : 0.3403640119358897
      }, {
        "activityType" : "IN_BUS",
        "probability" : 0.16655444633215666
      }, {
        "activityType" : "FLYING",
        "probability" : 0.13044164516031742
      }, {
        "activityType" : "SKIING",
        "probability" : 0.12086195638403296
      }, {
        "activityType" : "SAILING",
        "probability" : 0.05058855749666691
      }, {
        "activityType" : "IN_SUBWAY",
        "probability" : 0.0013147468052920885
      }, {
        "activityType" : "IN_TRAIN",
        "probability" : 0.0010645719157764688
      }, {
        "activityType" : "IN_TRAM",
        "probability" : 8.960488230513874E-4
      }, {
        "activityType" : "IN_VEHICLE",
        "probability" : 4.07221669718183E-6
      } ],
      "parkingEvent" : {
        "timestampMs" : "1608032565312",
        "location" : {
          "latitudeE7" : 128887021,
          "longitudeE7" : 748630077,
          "accuracyMetres" : 87
        }
      }
    }
  }, {
    "placeVisit" : {
      "location" : {
        "latitudeE7" : 128891859,
        "longitudeE7" : 748635259,
        "placeId" : "ChIJZYJODBhaozsRdmp0TurVoyA",
        "address" : "Shradhananda Ashram Road\nPadua\nnear Padua College\nKadri Hills, Kadri\nMangalore, Karnataka 575005\nIndia",
        "name" : "Eden Aquatic and Sports Foundations",
        "semanticType" : "TYPE_HOME",
        "sourceInfo" : {
          "deviceTag" : -1399941663
        },
        "locationConfidence" : 88.384865
      },
      "duration" : {
        "startTimestampMs" : "1608032518981",
        "endTimestampMs" : "1608083288662"
      },
      "placeConfidence" : "HIGH_CONFIDENCE",
      "centerLatE7" : 128888191,
      "centerLngE7" : 748628565,
      "visitConfidence" : 93,
      "otherCandidateLocations" : [ {
        "latitudeE7" : 128886989,
        "longitudeE7" : 748629702,
        "placeId" : "ChIJE5-HSGFbozsRAJkMiD4bPoM",
        "locationConfidence" : 5.5920887
      }, {
        "latitudeE7" : 128890200,
        "longitudeE7" : 748629490,
        "placeId" : "ChIJN50sBBhaozsRa7xlVLZE8KY",
        "semanticType" : "TYPE_SEARCHED_ADDRESS",
        "locationConfidence" : 1.9232922
      }, {
        "latitudeE7" : 128891920,
        "longitudeE7" : 748628830,
        "placeId" : "ChIJpYzzBBhaozsRG8sordzEw5o",
        "semanticType" : "TYPE_SEARCHED_ADDRESS",
        "locationConfidence" : 0.7646125
      }, {
        "latitudeE7" : 128897660,
        "longitudeE7" : 748631980,
        "placeId" : "ChIJ4apFFxhaozsRIcwPA3QgrtY",
        "semanticType" : "TYPE_SEARCHED_ADDRESS",
        "locationConfidence" : 0.27426422
      } ],
      "editConfirmationStatus" : "NOT_CONFIRMED"
    }
  }, {
    "activitySegment" : {
      "startLocation" : {
        "latitudeE7" : 128881025,
        "longitudeE7" : 748625919,
        "sourceInfo" : {
          "deviceTag" : -1399941663
        }
      },
      "endLocation" : {
        "latitudeE7" : 130720334,
        "longitudeE7" : 749964374,
        "sourceInfo" : {
          "deviceTag" : -1399941663
        }
      },
      "duration" : {
        "startTimestampMs" : "1608083288662",
        "endTimestampMs" : "1608087132543"
      },
      "distance" : 25368,
      "activityType" : "IN_PASSENGER_VEHICLE",
      "confidence" : "HIGH",
      "activities" : [ {
        "activityType" : "IN_PASSENGER_VEHICLE",
        "probability" : 89.17433619499207
      }, {
        "activityType" : "MOTORCYCLING",
        "probability" : 6.977614760398865
      }, {
        "activityType" : "WALKING",
        "probability" : 1.2692811898887157
      }, {
        "activityType" : "STILL",
        "probability" : 1.008959487080574
      }, {
        "activityType" : "FLYING",
        "probability" : 0.5316793918609619
      }, {
        "activityType" : "IN_BUS",
        "probability" : 0.49043535254895687
      }, {
        "activityType" : "IN_FERRY",
        "probability" : 0.35544345155358315
      }, {
        "activityType" : "CYCLING",
        "probability" : 0.10466397507116199
      }, {
        "activityType" : "RUNNING",
        "probability" : 0.059328117640689015
      }, {
        "activityType" : "SKIING",
        "probability" : 0.012230270658619702
      }, {
        "activityType" : "SAILING",
        "probability" : 0.00930486130528152
      }, {
        "activityType" : "IN_TRAIN",
        "probability" : 0.004709580389317125
      }, {
        "activityType" : "IN_SUBWAY",
        "probability" : 0.0019245981093263254
      }, {
        "activityType" : "IN_TRAM",
        "probability" : 7.364650400631945E-5
      }, {
        "activityType" : "IN_VEHICLE",
        "probability" : 1.1627262352931211E-5
      } ],
      "waypointPath" : {
        "waypoints" : [ {
          "latE7" : 128879890,
          "lngE7" : 748626785
        }, {
          "latE7" : 128839788,
          "lngE7" : 748638458
        }, {
          "latE7" : 130720434,
          "lngE7" : 749964523
        } ]
      },
      "parkingEvent" : {
        "timestampMs" : "1608086982801",
        "location" : {
          "latitudeE7" : 130643735,
          "longitudeE7" : 749930996,
          "accuracyMetres" : 26
        }
      }
    }
  }, {
    "placeVisit" : {
      "location" : {
        "latitudeE7" : 130719927,
        "longitudeE7" : 749963618,
        "placeId" : "ChIJ33C72-uqpDsRfBSeh1afqQA",
        "address" : "3XCW+QGX\nMudbidri, Karnataka 574227\nIndia",
        "name" : "Chowter Palace",
        "sourceInfo" : {
          "deviceTag" : -1399941663
        },
        "locationConfidence" : 88.34547
      },
      "duration" : {
        "startTimestampMs" : "1608087132543",
        "endTimestampMs" : "1608087582000"
      },
      "placeConfidence" : "MEDIUM_CONFIDENCE",
      "centerLatE7" : 130718838,
      "centerLngE7" : 749961013,
      "visitConfidence" : 88,
      "otherCandidateLocations" : [ {
        "latitudeE7" : 130741908,
        "longitudeE7" : 749976492,
        "placeId" : "ChIJS6Cwk-mqpDsR0pgENiNnAmk",
        "locationConfidence" : 1.9203444
      }, {
        "latitudeE7" : 130705228,
        "longitudeE7" : 749980757,
        "placeId" : "ChIJD_TvS-mqpDsRXMe7w_6Lr_0",
        "locationConfidence" : 1.3329734
      }, {
        "latitudeE7" : 130705034,
        "longitudeE7" : 749976976,
        "placeId" : "ChIJ90LZTemqpDsR4Qvt4gYQvGY",
        "locationConfidence" : 1.1731721
      }, {
        "latitudeE7" : 130724548,
        "longitudeE7" : 749961751,
        "placeId" : "ChIJVVD-6B2rpDsRPVhwpC3cauI",
        "locationConfidence" : 0.8418492
      } ],
      "editConfirmationStatus" : "NOT_CONFIRMED"
    }
  }, {
    "activitySegment" : {
      "startLocation" : {
        "latitudeE7" : 130721177,
        "longitudeE7" : 749960947,
        "sourceInfo" : {
          "deviceTag" : -1399941663
        }
      },
      "endLocation" : {
        "latitudeE7" : 130708226,
        "longitudeE7" : 749992279,
        "sourceInfo" : {
          "deviceTag" : -1399941663
        }
      },
      "duration" : {
        "startTimestampMs" : "1608087582000",
        "endTimestampMs" : "1608088072352"
      },
      "distance" : 368,
      "activityType" : "IN_PASSENGER_VEHICLE",
      "confidence" : "HIGH",
      "activities" : [ {
        "activityType" : "IN_PASSENGER_VEHICLE",
        "probability" : 83.92949104309082
      }, {
        "activityType" : "STILL",
        "probability" : 8.777346462011337
      }, {
        "activityType" : "MOTORCYCLING",
        "probability" : 3.827368840575218
      }, {
        "activityType" : "WALKING",
        "probability" : 3.016887605190277
      }, {
        "activityType" : "CYCLING",
        "probability" : 0.13333995593711734
      }, {
        "activityType" : "IN_BUS",
        "probability" : 0.11660645250231028
      }, {
        "activityType" : "RUNNING",
        "probability" : 0.07416787557303905
      }, {
        "activityType" : "FLYING",
        "probability" : 0.06521224859170616
      }, {
        "activityType" : "IN_FERRY",
        "probability" : 0.042265941738151014
      }, {
        "activityType" : "SKIING",
        "probability" : 0.008281248301500455
      }, {
        "activityType" : "SAILING",
        "probability" : 0.0036666224332293496
      }, {
        "activityType" : "IN_SUBWAY",
        "probability" : 0.002756164758466184
      }, {
        "activityType" : "IN_TRAIN",
        "probability" : 0.002419709380774293
      }, {
        "activityType" : "IN_TRAM",
        "probability" : 1.271395490221039E-4
      }, {
        "activityType" : "IN_VEHICLE",
        "probability" : 5.963759122096235E-5
      } ],
      "waypointPath" : {
        "waypoints" : [ {
          "latE7" : 130723676,
          "lngE7" : 749961318
        }, {
          "latE7" : 130707302,
          "lngE7" : 749981994
        }, {
          "latE7" : 130704698,
          "lngE7" : 749992218
        } ]
      },
      "parkingEvent" : {
        "timestampMs" : "1608088072386",
        "location" : {
          "latitudeE7" : 130718627,
          "longitudeE7" : 749971211,
          "accuracyMetres" : 105
        }
      }
    }
  }, {
    "placeVisit" : {
      "location" : {
        "latitudeE7" : 130709930,
        "longitudeE7" : 749998738,
        "placeId" : "ChIJDWGN1-iqpDsRfNMAnAQY9GM",
        "address" : "Near Old police station, Jain Mutt Road\nMudbidri, Karnataka 574227\nIndia",
        "name" : "New Padiwal Restaurant",
        "sourceInfo" : {
          "deviceTag" : -1399941663
        },
        "locationConfidence" : 92.013954
      },
      "duration" : {
        "startTimestampMs" : "1608088072352",
        "endTimestampMs" : "1608089419113"
      },
      "placeConfidence" : "MEDIUM_CONFIDENCE",
      "centerLatE7" : 130709975,
      "centerLngE7" : 749998200,
      "visitConfidence" : 91,
      "otherCandidateLocations" : [ {
        "latitudeE7" : 130705910,
        "longitudeE7" : 749997729,
        "placeId" : "ChIJi011KumqpDsRsLXWtR831Rg",
        "locationConfidence" : 0.5884267
      }, {
        "latitudeE7" : 130722874,
        "longitudeE7" : 750004045,
        "placeId" : "ChIJYZOg5eiqpDsRooTNSeCPP0k",
        "locationConfidence" : 0.5304676
      }, {
        "latitudeE7" : 130705228,
        "longitudeE7" : 749980757,
        "placeId" : "ChIJD_TvS-mqpDsRXMe7w_6Lr_0",
        "locationConfidence" : 0.4897318
      }, {
        "latitudeE7" : 130707357,
        "longitudeE7" : 750005422,
        "placeId" : "ChIJx6wHzuiqpDsRu4k7Hk8fk4Q",
        "locationConfidence" : 0.36214626
      } ],
      "editConfirmationStatus" : "NOT_CONFIRMED"
    }
  }, {
    "activitySegment" : {
      "startLocation" : {
        "latitudeE7" : 130710562,
        "longitudeE7" : 749996964,
        "sourceInfo" : {
          "deviceTag" : -1399941663
        }
      },
      "endLocation" : {
        "latitudeE7" : 128887182,
        "longitudeE7" : 748629681,
        "sourceInfo" : {
          "deviceTag" : -1399941663
        }
      },
      "duration" : {
        "startTimestampMs" : "1608089419113",
        "endTimestampMs" : "1608123272181"
      },
      "distance" : 65514,
      "activityType" : "IN_PASSENGER_VEHICLE",
      "confidence" : "HIGH",
      "activities" : [ {
        "activityType" : "IN_PASSENGER_VEHICLE",
        "probability" : 83.47026705741882
      }, {
        "activityType" : "STILL",
        "probability" : 9.401360899209976
      }, {
        "activityType" : "MOTORCYCLING",
        "probability" : 3.8246240466833115
      }, {
        "activityType" : "WALKING",
        "probability" : 1.7048722133040428
      }, {
        "activityType" : "IN_FERRY",
        "probability" : 0.7756348699331284
      }, {
        "activityType" : "FLYING",
        "probability" : 0.5055668298155069
      }, {
        "activityType" : "IN_BUS",
        "probability" : 0.10459466138854623
      }, {
        "activityType" : "CYCLING",
        "probability" : 0.082256062887609
      }, {
        "activityType" : "RUNNING",
        "probability" : 0.064117118017748
      }, {
        "activityType" : "SAILING",
        "probability" : 0.040641354280523956
      }, {
        "activityType" : "SKIING",
        "probability" : 0.021775311324745417
      }, {
        "activityType" : "IN_TRAIN",
        "probability" : 0.0036256791645428166
      }, {
        "activityType" : "IN_SUBWAY",
        "probability" : 5.850148681929568E-4
      }, {
        "activityType" : "IN_VEHICLE",
        "probability" : 4.4252578845771495E-5
      }, {
        "activityType" : "IN_TRAM",
        "probability" : 3.1194235816656146E-5
      } ],
      "waypointPath" : {
        "waypoints" : [ {
          "latE7" : 130710515,
          "lngE7" : 749997253
        }, {
          "latE7" : 131942844,
          "lngE7" : 749953155
        }, {
          "latE7" : 132535791,
          "lngE7" : 753506774
        }, {
          "latE7" : 131942653,
          "lngE7" : 749954223
        }, {
          "latE7" : 128853406,
          "lngE7" : 748661727
        }, {
          "latE7" : 128856849,
          "lngE7" : 748659667
        }, {
          "latE7" : 128887586,
          "lngE7" : 748629989
        } ]
      },
      "simplifiedRawPath" : {
        "points" : [ {
          "latE7" : 132535782,
          "lngE7" : 753506546,
          "timestampMs" : "1608104011593",
          "accuracyMeters" : 9
        }, {
          "latE7" : 128850393,
          "lngE7" : 748655624,
          "timestampMs" : "1608122417791",
          "accuracyMeters" : 98
        } ]
      },
      "parkingEvent" : {
        "timestampMs" : "1608123252054",
        "location" : {
          "latitudeE7" : 128886051,
          "longitudeE7" : 748630249,
          "accuracyMetres" : 74
        }
      }
    }
  }, {
    "placeVisit" : {
      "location" : {
        "latitudeE7" : 128891859,
        "longitudeE7" : 748635259,
        "placeId" : "ChIJZYJODBhaozsRdmp0TurVoyA",
        "address" : "Shradhananda Ashram Road\nPadua\nnear Padua College\nKadri Hills, Kadri\nMangalore, Karnataka 575005\nIndia",
        "name" : "Eden Aquatic and Sports Foundations",
        "semanticType" : "TYPE_HOME",
        "sourceInfo" : {
          "deviceTag" : -1399941663
        },
        "locationConfidence" : 87.0288
      },
      "duration" : {
        "startTimestampMs" : "1608123272181",
        "endTimestampMs" : "1608957560369"
      },
      "placeConfidence" : "HIGH_CONFIDENCE",
      "centerLatE7" : 128888118,
      "centerLngE7" : 748628665,
      "visitConfidence" : 93,
      "otherCandidateLocations" : [ {
        "latitudeE7" : 128886989,
        "longitudeE7" : 748629702,
        "placeId" : "ChIJE5-HSGFbozsRAJkMiD4bPoM",
        "locationConfidence" : 6.978432
      }, {
        "latitudeE7" : 128890200,
        "longitudeE7" : 748629490,
        "placeId" : "ChIJN50sBBhaozsRa7xlVLZE8KY",
        "semanticType" : "TYPE_SEARCHED_ADDRESS",
        "locationConfidence" : 1.8435746
      }, {
        "latitudeE7" : 128891920,
        "longitudeE7" : 748628830,
        "placeId" : "ChIJpYzzBBhaozsRG8sordzEw5o",
        "semanticType" : "TYPE_SEARCHED_ADDRESS",
        "locationConfidence" : 0.7570404
      }, {
        "latitudeE7" : 128897660,
        "longitudeE7" : 748631980,
        "placeId" : "ChIJ4apFFxhaozsRIcwPA3QgrtY",
        "semanticType" : "TYPE_SEARCHED_ADDRESS",
        "locationConfidence" : 0.24870212
      } ],
      "editConfirmationStatus" : "NOT_CONFIRMED"
    }
  }, {
    "activitySegment" : {
      "startLocation" : {
        "latitudeE7" : 128888101,
        "longitudeE7" : 748628798,
        "sourceInfo" : {
          "deviceTag" : -1399941663
        }
      },
      "endLocation" : {
        "latitudeE7" : 128852315,
        "longitudeE7" : 748660369,
        "sourceInfo" : {
          "deviceTag" : -1399941663
        }
      },
      "duration" : {
        "startTimestampMs" : "1608957560369",
        "endTimestampMs" : "1608958126640"
      },
      "distance" : 528,
      "activityType" : "WALKING",
      "confidence" : "MEDIUM",
      "activities" : [ {
        "activityType" : "WALKING",
        "probability" : 70.95502018928528
      }, {
        "activityType" : "IN_PASSENGER_VEHICLE",
        "probability" : 12.047852575778961
      }, {
        "activityType" : "STILL",
        "probability" : 7.83228725194931
      }, {
        "activityType" : "MOTORCYCLING",
        "probability" : 5.345146730542183
      }, {
        "activityType" : "RUNNING",
        "probability" : 1.8609194085001945
      }, {
        "activityType" : "CYCLING",
        "probability" : 1.7878947779536247
      }, {
        "activityType" : "IN_BUS",
        "probability" : 0.09363440913148224
      }, {
        "activityType" : "FLYING",
        "probability" : 0.032653409289196134
      }, {
        "activityType" : "SKIING",
        "probability" : 0.020185655739624053
      }, {
        "activityType" : "IN_FERRY",
        "probability" : 0.013175969070289284
      }, {
        "activityType" : "IN_SUBWAY",
        "probability" : 0.005103771763970144
      }, {
        "activityType" : "SAILING",
        "probability" : 0.003439973806962371
      }, {
        "activityType" : "IN_TRAIN",
        "probability" : 0.0021219475456746295
      }, {
        "activityType" : "IN_TRAM",
        "probability" : 3.860257947962964E-4
      }, {
        "activityType" : "IN_VEHICLE",
        "probability" : 1.8369731833445258E-4
      } ],
      "waypointPath" : {
        "waypoints" : [ {
          "latE7" : 128888416,
          "lngE7" : 748629150
        }, {
          "latE7" : 128856849,
          "lngE7" : 748659667
        }, {
          "latE7" : 128853282,
          "lngE7" : 748661804
        } ]
      }
    }
  }, {
    "placeVisit" : {
      "location" : {
        "latitudeE7" : 128851354,
        "longitudeE7" : 748661280,
        "placeId" : "ChIJwReSlsxbozsRZt4Kk8qOTTU",
        "address" : "Nothernsky Altair\nKadri Hills, Bikarnakatte Kaikamba\nMangalore, Karnataka 575005\nIndia",
        "name" : "Move n Pick Super Market",
        "sourceInfo" : {
          "deviceTag" : -1399941663
        },
        "locationConfidence" : 47.376118
      },
      "duration" : {
        "startTimestampMs" : "1608958126640",
        "endTimestampMs" : "1608959152000"
      },
      "placeConfidence" : "LOW_CONFIDENCE",
      "centerLatE7" : 128853850,
      "centerLngE7" : 748659733,
      "visitConfidence" : 84,
      "otherCandidateLocations" : [ {
        "latitudeE7" : 128848868,
        "longitudeE7" : 748657537,
        "placeId" : "ChIJKzjGoyNaozsRAUOyJ4d0rwA",
        "locationConfidence" : 27.892902
      }, {
        "latitudeE7" : 128852529,
        "longitudeE7" : 748666010,
        "placeId" : "ChIJG3azuSNaozsRTnfioDeufOo",
        "locationConfidence" : 4.896504
      }, {
        "latitudeE7" : 128849336,
        "longitudeE7" : 748670364,
        "placeId" : "ChIJqfUjwSNaozsRGKu4hxhg0tk",
        "locationConfidence" : 4.795724
      }, {
        "latitudeE7" : 128846191,
        "longitudeE7" : 748675641,
        "placeId" : "ChIJcRts6CNaozsR_LIw5fFjkDE",
        "locationConfidence" : 2.6862252
      }, {
        "latitudeE7" : 128848763,
        "longitudeE7" : 748675132,
        "placeId" : "ChIJWWPUwiNaozsRCsyIKQF6jFA",
        "locationConfidence" : 1.6451601
      }, {
        "latitudeE7" : 128840827,
        "longitudeE7" : 748638467,
        "placeId" : "ChIJl9AaXyNaozsRDjH5aYhz5Z0",
        "locationConfidence" : 1.3338857
      }, {
        "latitudeE7" : 128855430,
        "longitudeE7" : 748666499,
        "placeId" : "ChIJWzKttyNaozsRv4CzO-LOawo",
        "locationConfidence" : 1.3274028
      }, {
        "latitudeE7" : 128850186,
        "longitudeE7" : 748667313,
        "placeId" : "ChIJQ4xMvyNaozsRuFqcJH4yURA",
        "locationConfidence" : 1.1349019
      }, {
        "latitudeE7" : 128850162,
        "longitudeE7" : 748667985,
        "placeId" : "ChIJwyZ03ztbozsR36tqneTze4s",
        "locationConfidence" : 1.0995846
      } ],
      "editConfirmationStatus" : "NOT_CONFIRMED"
    }
  }, {
    "activitySegment" : {
      "startLocation" : {
        "latitudeE7" : 128858749,
        "longitudeE7" : 748655267,
        "sourceInfo" : {
          "deviceTag" : -1399941663
        }
      },
      "endLocation" : {
        "latitudeE7" : 128880198,
        "longitudeE7" : 748635355,
        "sourceInfo" : {
          "deviceTag" : -1399941663
        }
      },
      "duration" : {
        "startTimestampMs" : "1608959152000",
        "endTimestampMs" : "1608959410477"
      },
      "distance" : 321,
      "activityType" : "WALKING",
      "confidence" : "MEDIUM",
      "activities" : [ {
        "activityType" : "WALKING",
        "probability" : 75.77124834060669
      }, {
        "activityType" : "IN_PASSENGER_VEHICLE",
        "probability" : 10.902538895606995
      }, {
        "activityType" : "MOTORCYCLING",
        "probability" : 9.002476185560226
      }, {
        "activityType" : "CYCLING",
        "probability" : 2.192842587828636
      }, {
        "activityType" : "RUNNING",
        "probability" : 1.3488655909895897
      }, {
        "activityType" : "STILL",
        "probability" : 0.5817793309688568
      }, {
        "activityType" : "IN_BUS",
        "probability" : 0.11333515867590904
      }, {
        "activityType" : "FLYING",
        "probability" : 0.028445536736398935
      }, {
        "activityType" : "IN_FERRY",
        "probability" : 0.025184504920616746
      }, {
        "activityType" : "SKIING",
        "probability" : 0.014134141383692622
      }, {
        "activityType" : "IN_SUBWAY",
        "probability" : 0.009399486589245498
      }, {
        "activityType" : "SAILING",
        "probability" : 0.005521131970454007
      }, {
        "activityType" : "IN_TRAIN",
        "probability" : 0.0036582252505468205
      }, {
        "activityType" : "IN_TRAM",
        "probability" : 3.5573380046116654E-4
      }, {
        "activityType" : "IN_VEHICLE",
        "probability" : 2.1590981305052992E-4
      } ],
      "waypointPath" : {
        "waypoints" : [ {
          "latE7" : 128858776,
          "lngE7" : 748655242
        }, {
          "latE7" : 128874559,
          "lngE7" : 748640594
        }, {
          "latE7" : 128879241,
          "lngE7" : 748635635
        } ]
      }
    }
  }, {
    "placeVisit" : {
      "location" : {
        "latitudeE7" : 128891859,
        "longitudeE7" : 748635259,
        "placeId" : "ChIJZYJODBhaozsRdmp0TurVoyA",
        "address" : "Shradhananda Ashram Road\nPadua\nnear Padua College\nKadri Hills, Kadri\nMangalore, Karnataka 575005\nIndia",
        "name" : "Eden Aquatic and Sports Foundations",
        "semanticType" : "TYPE_HOME",
        "sourceInfo" : {
          "deviceTag" : -1399941663
        },
        "locationConfidence" : 87.5139
      },
      "duration" : {
        "startTimestampMs" : "1608959410477",
        "endTimestampMs" : "1609679760420"
      },
      "placeConfidence" : "HIGH_CONFIDENCE",
      "centerLatE7" : 128887902,
      "centerLngE7" : 748628596,
      "visitConfidence" : 86,
      "otherCandidateLocations" : [ {
        "latitudeE7" : 128886989,
        "longitudeE7" : 748629702,
        "placeId" : "ChIJE5-HSGFbozsRAJkMiD4bPoM",
        "locationConfidence" : 6.572162
      }, {
        "latitudeE7" : 128890200,
        "longitudeE7" : 748629490,
        "placeId" : "ChIJN50sBBhaozsRa7xlVLZE8KY",
        "semanticType" : "TYPE_SEARCHED_ADDRESS",
        "locationConfidence" : 1.876627
      }, {
        "latitudeE7" : 128891920,
        "longitudeE7" : 748628830,
        "placeId" : "ChIJpYzzBBhaozsRG8sordzEw5o",
        "semanticType" : "TYPE_SEARCHED_ADDRESS",
        "locationConfidence" : 0.68879586
      }, {
        "latitudeE7" : 128897660,
        "longitudeE7" : 748631980,
        "placeId" : "ChIJ4apFFxhaozsRIcwPA3QgrtY",
        "semanticType" : "TYPE_SEARCHED_ADDRESS",
        "locationConfidence" : 0.28276685
      } ],
      "editConfirmationStatus" : "NOT_CONFIRMED"
    }
  } ]
}