{
  "timelineObjects" : [ {
    "placeVisit" : {
      "location" : {
        "latitudeE7" : 123126241,
        "longitudeE7" : 766582999,
        "placeId" : "ChIJlQ1kXhNwrzsRYxVHJxro1X0",
        "address" : "Lashkar Mohalla, Mandi Mohalla\nMysuru, Karnataka 570001\nIndia",
        "name" : "Mysore Bus Stand KSRTC",
        "sourceInfo" : {
          "deviceTag" : 606355151
        },
        "locationConfidence" : 19.924477
      },
      "duration" : {
        "startTimestampMs" : "1555755345000",
        "endTimestampMs" : "1555755745494"
      },
      "placeConfidence" : "LOW_CONFIDENCE",
      "centerLatE7" : 123131862,
      "centerLngE7" : 766584150,
      "visitConfidence" : 82,
      "otherCandidateLocations" : [ {
        "latitudeE7" : 123126546,
        "longitudeE7" : 766584966,
        "placeId" : "ChIJI-ZLeRNwrzsRK1ugzeUT1bQ",
        "locationConfidence" : 14.085031
      }, {
        "latitudeE7" : 123126411,
        "longitudeE7" : 766585273,
        "placeId" : "ChIJq5ZPXhNwrzsRkeBQW-LORKg",
        "locationConfidence" : 13.952306
      }, {
        "latitudeE7" : 123126822,
        "longitudeE7" : 766581328,
        "placeId" : "ChIJCwf6tU1xrzsR_pAct5HlHk4",
        "locationConfidence" : 8.6221
      }, {
        "latitudeE7" : 123137300,
        "longitudeE7" : 766585422,
        "placeId" : "ChIJ3TyuzWxwrzsRnxl_THanc6E",
        "locationConfidence" : 4.1068573
      }, {
        "latitudeE7" : 123116047,
        "longitudeE7" : 766590920,
        "placeId" : "ChIJcxVvgRRwrzsR6u5IObqO9Hs",
        "locationConfidence" : 1.4432397
      }, {
        "latitudeE7" : 123122321,
        "longitudeE7" : 766584142,
        "placeId" : "ChIJh-LzWBNwrzsRwc-1HxiIqkU",
        "locationConfidence" : 1.1964699
      }, {
        "latitudeE7" : 123117157,
        "longitudeE7" : 766591614,
        "placeId" : "ChIJQ9MehRRwrzsRq7lJYdCcabw",
        "locationConfidence" : 0.587776
      }, {
        "latitudeE7" : 123117157,
        "longitudeE7" : 766590065,
        "placeId" : "ChIJh_KXhBRwrzsRv75ZEy6V_Es",
        "locationConfidence" : 0.50201714
      }, {
        "latitudeE7" : 123127689,
        "longitudeE7" : 766585746,
        "placeId" : "ChIJIVez-atxrzsRwAX-nVTZyig",
        "locationConfidence" : 0.49421155
      }, {
        "latitudeE7" : 123112536,
        "longitudeE7" : 766590786,
        "placeId" : "ChIJqUwahxRwrzsR2t1ic7iOUNY",
        "locationConfidence" : 0.45049956
      } ],
      "editConfirmationStatus" : "NOT_CONFIRMED",
      "simplifiedRawPath" : {
        "points" : [ {
          "latE7" : 123126889,
          "lngE7" : 766582442,
          "timestampMs" : "1555755345000",
          "accuracyMeters" : 6
        }, {
          "latE7" : 123133012,
          "lngE7" : 766583118,
          "timestampMs" : "1555755376000",
          "accuracyMeters" : 3
        } ]
      }
    }
  }, {
    "activitySegment" : {
      "startLocation" : {
        "latitudeE7" : 123132107,
        "longitudeE7" : 766585719,
        "sourceInfo" : {
          "deviceTag" : 606355151
        }
      },
      "endLocation" : {
        "latitudeE7" : 125895524,
        "longitudeE7" : 770450059,
        "sourceInfo" : {
          "deviceTag" : 606355151
        }
      },
      "duration" : {
        "startTimestampMs" : "1555755745494",
        "endTimestampMs" : "1555760704339"
      },
      "distance" : 55284,
      "activityType" : "IN_BUS",
      "confidence" : "MEDIUM",
      "activities" : [ {
        "activityType" : "IN_BUS",
        "probability" : 64.4396751957205
      }, {
        "activityType" : "IN_PASSENGER_VEHICLE",
        "probability" : 33.0886988924921
      }, {
        "activityType" : "WALKING",
        "probability" : 1.5784667653108437
      } ],
      "simplifiedRawPath" : {
        "points" : [ {
          "latE7" : 123184246,
          "lngE7" : 766609852,
          "timestampMs" : "1555755890000",
          "accuracyMeters" : 5
        }, {
          "latE7" : 123187484,
          "lngE7" : 766617420,
          "timestampMs" : "1555755921000",
          "accuracyMeters" : 5
        }, {
          "latE7" : 123302051,
          "lngE7" : 766570532,
          "timestampMs" : "1555756052219",
          "accuracyMeters" : 64
        }, {
          "latE7" : 124746857,
          "lngE7" : 767624570,
          "timestampMs" : "1555757980000",
          "accuracyMeters" : 3
        }, {
          "latE7" : 125462590,
          "lngE7" : 769487456,
          "timestampMs" : "1555759957000",
          "accuracyMeters" : 3
        } ]
      }
    }
  }, {
    "placeVisit" : {
      "location" : {
        "latitudeE7" : 125895524,
        "longitudeE7" : 770450059,
        "placeId" : "ChIJLYPm4UmvrzsRI9elTSA1czU",
        "address" : "Maddur, Karnataka 571428\nIndia",
        "name" : "Maddur Bus Stop",
        "sourceInfo" : {
          "deviceTag" : 606355151
        },
        "locationConfidence" : 29.997885
      },
      "duration" : {
        "startTimestampMs" : "1555760704339",
        "endTimestampMs" : "1555761495363"
      },
      "placeConfidence" : "LOW_CONFIDENCE",
      "centerLatE7" : 125896943,
      "centerLngE7" : 770448129,
      "visitConfidence" : 91,
      "otherCandidateLocations" : [ {
        "latitudeE7" : 125888501,
        "longitudeE7" : 770450226,
        "placeId" : "ChIJf4ogKDCvrzsR61oWAvjR9RA",
        "locationConfidence" : 19.06593
      }, {
        "latitudeE7" : 125898673,
        "longitudeE7" : 770449158,
        "placeId" : "ChIJNdGRITCvrzsRxGtvacHRtZ8",
        "locationConfidence" : 18.12016
      }, {
        "latitudeE7" : 125895070,
        "longitudeE7" : 770446940,
        "placeId" : "ChIJa7C7ITCvrzsRrTRiJxlijHs",
        "locationConfidence" : 17.075686
      }, {
        "latitudeE7" : 125894693,
        "longitudeE7" : 770449177,
        "placeId" : "ChIJxVt-IDCvrzsRTBunb3I5WRo",
        "locationConfidence" : 1.5972809
      }, {
        "latitudeE7" : 125894860,
        "longitudeE7" : 770444041,
        "placeId" : "ChIJJSp3tUCvrzsR0Gm9iyS6Nx0",
        "locationConfidence" : 1.447029
      }, {
        "latitudeE7" : 125902978,
        "longitudeE7" : 770453060,
        "placeId" : "ChIJUeam5C-vrzsRS5v2k7rN8yw",
        "locationConfidence" : 0.9974874
      }, {
        "latitudeE7" : 125885310,
        "longitudeE7" : 770458350,
        "placeId" : "ChIJcdO2zS-vrzsRSJ4TN5GO0ek",
        "locationConfidence" : 0.5936253
      }, {
        "latitudeE7" : 125893655,
        "longitudeE7" : 770452848,
        "placeId" : "ChIJC1IP3C-vrzsROBWNfTWJSIo",
        "locationConfidence" : 0.5616274
      } ],
      "editConfirmationStatus" : "NOT_CONFIRMED"
    }
  }, {
    "activitySegment" : {
      "startLocation" : {
        "latitudeE7" : 125895524,
        "longitudeE7" : 770450059,
        "sourceInfo" : {
          "deviceTag" : 606355151
        }
      },
      "endLocation" : {
        "latitudeE7" : 129671625,
        "longitudeE7" : 775298670,
        "sourceInfo" : {
          "deviceTag" : 606355151
        }
      },
      "duration" : {
        "startTimestampMs" : "1555761495363",
        "endTimestampMs" : "1555770731406"
      },
      "distance" : 68834,
      "activityType" : "IN_BUS",
      "confidence" : "MEDIUM",
      "activities" : [ {
        "activityType" : "IN_BUS",
        "probability" : 74.72231508937463
      }, {
        "activityType" : "IN_PASSENGER_VEHICLE",
        "probability" : 19.175916498295937
      }, {
        "activityType" : "WALKING",
        "probability" : 5.180082317194313
      } ],
      "simplifiedRawPath" : {
        "points" : [ {
          "latE7" : 128154674,
          "lngE7" : 774074793,
          "timestampMs" : "1555765632235",
          "accuracyMeters" : 116
        }, {
          "latE7" : 129423403,
          "lngE7" : 775255904,
          "timestampMs" : "1555768734000",
          "accuracyMeters" : 14
        }, {
          "latE7" : 129440667,
          "lngE7" : 775267628,
          "timestampMs" : "1555768782000",
          "accuracyMeters" : 6
        } ]
      }
    }
  }, {
    "activitySegment" : {
      "startLocation" : {
        "latitudeE7" : 129652000,
        "longitudeE7" : 775296032
      },
      "endLocation" : {
        "latitudeE7" : 129943198,
        "longitudeE7" : 775329490
      },
      "duration" : {
        "startTimestampMs" : "1555770731406",
        "endTimestampMs" : "1555778295646"
      },
      "distance" : 3315,
      "activityType" : "IN_PASSENGER_VEHICLE",
      "confidence" : "LOW",
      "activities" : [ {
        "activityType" : "IN_PASSENGER_VEHICLE",
        "probability" : 45.42347509473583
      }, {
        "activityType" : "MOTORCYCLING",
        "probability" : 45.21827935344854
      }, {
        "activityType" : "WALKING",
        "probability" : 5.272207174953784
      } ],
      "waypointPath" : {
        "waypoints" : [ {
          "latE7" : 129651966,
          "lngE7" : 775298843
        }, {
          "latE7" : 129805564,
          "lngE7" : 775367050
        }, {
          "latE7" : 129942722,
          "lngE7" : 775332260
        } ]
      },
      "parkingEvent" : {
        "timestampMs" : "1555778180172",
        "location" : {
          "latitudeE7" : 129936249,
          "longitudeE7" : 775334243,
          "accuracyMetres" : 152
        }
      }
    }
  }, {
    "placeVisit" : {
      "location" : {
        "latitudeE7" : 129943198,
        "longitudeE7" : 775329490,
        "placeId" : "ChIJg_DEjrs9rjsRlsppUDXH-ks",
        "address" : "2nd Cross Rd\n3rd Stage 4th Block, Shakthi Ganapathi Nagar, Basaveshwar Nagar\nBengaluru, Karnataka 560079\nIndia",
        "name" : "Karnataka Engineers Academy",
        "sourceInfo" : {
          "deviceTag" : 606355151
        },
        "locationConfidence" : 46.37014
      },
      "duration" : {
        "startTimestampMs" : "1555778295646",
        "endTimestampMs" : "1555814322315"
      },
      "placeConfidence" : "MEDIUM_CONFIDENCE",
      "centerLatE7" : 129942151,
      "centerLngE7" : 775332363,
      "visitConfidence" : 89,
      "otherCandidateLocations" : [ {
        "latitudeE7" : 129945463,
        "longitudeE7" : 775329732,
        "placeId" : "ChIJH3rCiLs9rjsRdCtC9ZmQfD4",
        "address" : "C A Site No. 1, 8th Main Road\nKamalanagar\n2nd Cross Rd\n3rd Stage 4th Block, Maruthi Nagar, Basaveshwar Nagar\nBengaluru, Karnataka 560079\nIndia",
        "name" : "KEA Prabhath Rangamandira",
        "locationConfidence" : 42.561596
      }, {
        "latitudeE7" : 129954096,
        "longitudeE7" : 775334241,
        "placeId" : "ChIJtfrrdNk9rjsRxmCewjEX9a4",
        "locationConfidence" : 0.46777308
      }, {
        "latitudeE7" : 129944939,
        "longitudeE7" : 775340718,
        "placeId" : "ChIJt0CNZLw9rjsR0lGsXh9yzRo",
        "locationConfidence" : 0.23475055
      }, {
        "latitudeE7" : 129941680,
        "longitudeE7" : 775340450,
        "placeId" : "ChIJcTOQbbw9rjsRmcqea201z0Q",
        "locationConfidence" : 0.2287765
      } ],
      "editConfirmationStatus" : "NOT_CONFIRMED"
    }
  }, {
    "activitySegment" : {
      "startLocation" : {
        "latitudeE7" : 129943198,
        "longitudeE7" : 775329490,
        "sourceInfo" : {
          "deviceTag" : 606355151
        }
      },
      "endLocation" : {
        "latitudeE7" : 129498631,
        "longitudeE7" : 774893964,
        "sourceInfo" : {
          "deviceTag" : 606355151
        }
      },
      "duration" : {
        "startTimestampMs" : "1555814322315",
        "endTimestampMs" : "1555832497985"
      },
      "distance" : 9188,
      "activityType" : "MOTORCYCLING",
      "confidence" : "MEDIUM",
      "activities" : [ {
        "activityType" : "MOTORCYCLING",
        "probability" : 76.8064637201603
      }, {
        "activityType" : "IN_PASSENGER_VEHICLE",
        "probability" : 19.94699062401149
      }, {
        "activityType" : "WALKING",
        "probability" : 2.1672915713691583
      } ],
      "waypointPath" : {
        "waypoints" : [ {
          "latE7" : 129943847,
          "lngE7" : 775326766
        }, {
          "latE7" : 129950923,
          "lngE7" : 775223464
        }, {
          "latE7" : 129498529,
          "lngE7" : 774891815
        } ]
      },
      "simplifiedRawPath" : {
        "points" : [ {
          "latE7" : 129944057,
          "lngE7" : 775219752,
          "timestampMs" : "1555815572000",
          "accuracyMeters" : 13
        } ]
      },
      "parkingEvent" : {
        "timestampMs" : "1555832451913",
        "location" : {
          "latitudeE7" : 129497378,
          "longitudeE7" : 774895097,
          "accuracyMetres" : 65
        }
      }
    }
  }, {
    "placeVisit" : {
      "location" : {
        "latitudeE7" : 129498631,
        "longitudeE7" : 774893964,
        "placeId" : "ChIJz91tw7w-rjsRSB5ebxV27dM",
        "address" : "Mathoshree Complex\n198 &199, Ullal Main Rd\nAnnapurneshwari Layout, Jnananjyothinagar, Railway Layout, Jnana Ganga Nagar\nBengaluru, Karnataka 560056\nIndia",
        "name" : "SJM Infotech Pvt. Ltd. - TCS iON Online Assessment Center",
        "sourceInfo" : {
          "deviceTag" : 606355151
        },
        "locationConfidence" : 76.982376
      },
      "duration" : {
        "startTimestampMs" : "1555832497985",
        "endTimestampMs" : "1555833708601"
      },
      "placeConfidence" : "MEDIUM_CONFIDENCE",
      "centerLatE7" : 129496427,
      "centerLngE7" : 774895367,
      "visitConfidence" : 94,
      "otherCandidateLocations" : [ {
        "latitudeE7" : 129494600,
        "longitudeE7" : 774890800,
        "placeId" : "ChIJt8HGwbw-rjsR86z6zisNvgc",
        "locationConfidence" : 2.977087
      }, {
        "latitudeE7" : 129495974,
        "longitudeE7" : 774896025,
        "placeId" : "ChIJhSXY3Lw-rjsR65CHXEkNkEU",
        "locationConfidence" : 1.8679014
      }, {
        "latitudeE7" : 129497036,
        "longitudeE7" : 774894657,
        "placeId" : "ChIJFdVpw7w-rjsRSCnQXC-uBn8",
        "locationConfidence" : 1.4345367
      }, {
        "latitudeE7" : 129496300,
        "longitudeE7" : 774894930,
        "placeId" : "ChIJI0k7w7w-rjsRcCCtb1gUP6A",
        "locationConfidence" : 0.7863759
      }, {
        "latitudeE7" : 129496770,
        "longitudeE7" : 774889104,
        "placeId" : "ChIJcQhiwLw-rjsR7mIhmqJRkrk",
        "locationConfidence" : 0.64118713
      }, {
        "latitudeE7" : 129496056,
        "longitudeE7" : 774896541,
        "placeId" : "ChIJ66qqap4-rjsRYQ_wS9jdXbw",
        "locationConfidence" : 0.5650717
      }, {
        "latitudeE7" : 129495090,
        "longitudeE7" : 774892480,
        "placeId" : "ChIJFWg7wrw-rjsR9EFD53ZIGkM",
        "locationConfidence" : 0.51295716
      } ],
      "editConfirmationStatus" : "NOT_CONFIRMED"
    }
  }, {
    "activitySegment" : {
      "startLocation" : {
        "latitudeE7" : 129498631,
        "longitudeE7" : 774893964,
        "sourceInfo" : {
          "deviceTag" : 606355151
        }
      },
      "endLocation" : {
        "latitudeE7" : 129606744,
        "longitudeE7" : 775399253,
        "sourceInfo" : {
          "deviceTag" : 606355151
        }
      },
      "duration" : {
        "startTimestampMs" : "1555833708601",
        "endTimestampMs" : "1555835125911"
      },
      "distance" : 5607,
      "activityType" : "IN_PASSENGER_VEHICLE",
      "confidence" : "MEDIUM",
      "activities" : [ {
        "activityType" : "IN_PASSENGER_VEHICLE",
        "probability" : 77.28221625812184
      }, {
        "activityType" : "MOTORCYCLING",
        "probability" : 17.774082526312142
      }, {
        "activityType" : "WALKING",
        "probability" : 2.5607565730614583
      } ],
      "waypointPath" : {
        "waypoints" : [ {
          "latE7" : 129498529,
          "lngE7" : 774891815
        }, {
          "latE7" : 129424991,
          "lngE7" : 775255508
        }, {
          "latE7" : 129606342,
          "lngE7" : 775400009
        } ]
      },
      "parkingEvent" : {
        "timestampMs" : "1555835125911",
        "location" : {
          "latitudeE7" : 129606744,
          "longitudeE7" : 775399253,
          "accuracyMetres" : 39
        }
      }
    }
  }, {
    "activitySegment" : {
      "startLocation" : {
        "latitudeE7" : 129606744,
        "longitudeE7" : 775399253,
        "sourceInfo" : {
          "deviceTag" : 606355151
        }
      },
      "endLocation" : {
        "latitudeE7" : 129752302,
        "longitudeE7" : 776034622,
        "sourceInfo" : {
          "deviceTag" : 606355151
        }
      },
      "duration" : {
        "startTimestampMs" : "1555835125911",
        "endTimestampMs" : "1555839987009"
      },
      "distance" : 8144,
      "activityType" : "IN_SUBWAY",
      "confidence" : "MEDIUM",
      "activities" : [ {
        "activityType" : "IN_SUBWAY",
        "probability" : 61.763533037629706
      }, {
        "activityType" : "WALKING",
        "probability" : 27.22333653991505
      }, {
        "activityType" : "IN_TRAIN",
        "probability" : 5.4333661862366505
      } ],
      "transitPath" : {
        "transitStops" : [ {
          "latitudeE7" : 129619490,
          "longitudeE7" : 775336400,
          "placeId" : "ChIJmV4y0XU-rjsRzclMF8nLs0I",
          "name" : "Attiguppe"
        }, {
          "latitudeE7" : 129755630,
          "longitudeE7" : 776062730,
          "placeId" : "ChIJvwy9o30WrjsR_3Soez0XLL8",
          "name" : "Mahatma Gandhi Road"
        } ],
        "name" : "Purple Line",
        "hexRgbColor" : "8E1F7D"
      },
      "simplifiedRawPath" : {
        "points" : [ {
          "latE7" : 129745857,
          "lngE7" : 776065178,
          "timestampMs" : "1555838446039",
          "accuracyMeters" : 96
        }, {
          "latE7" : 129750758,
          "lngE7" : 776047219,
          "timestampMs" : "1555838803272",
          "accuracyMeters" : 7
        } ]
      }
    }
  }, {
    "placeVisit" : {
      "location" : {
        "latitudeE7" : 129752302,
        "longitudeE7" : 776034622,
        "placeId" : "ChIJe142h3sWrjsRszhIFzW20mU",
        "address" : "14, Church St\nShanthala Nagar, Ashok Nagar\nBengaluru, Karnataka 560001\nIndia",
        "name" : "Mainland China",
        "sourceInfo" : {
          "deviceTag" : 606355151
        },
        "locationConfidence" : 37.54866
      },
      "duration" : {
        "startTimestampMs" : "1555839987009",
        "endTimestampMs" : "1555841139152"
      },
      "placeConfidence" : "LOW_CONFIDENCE",
      "centerLatE7" : 129759850,
      "centerLngE7" : 776049200,
      "visitConfidence" : 86,
      "otherCandidateLocations" : [ {
        "latitudeE7" : 129750424,
        "longitudeE7" : 776050930,
        "placeId" : "ChIJUd4-TnwWrjsRJn7FI8AO8Z0",
        "locationConfidence" : 4.684983
      }, {
        "latitudeE7" : 129758292,
        "longitudeE7" : 776056453,
        "placeId" : "ChIJ98lXpH0WrjsR-dQ1ievdzts",
        "locationConfidence" : 2.6942377
      }, {
        "latitudeE7" : 129754664,
        "longitudeE7" : 776057958,
        "placeId" : "ChIJiQ0jgHwWrjsRalbO-g-xlUQ",
        "locationConfidence" : 1.922252
      }, {
        "latitudeE7" : 129756099,
        "longitudeE7" : 776053418,
        "placeId" : "ChIJC11vrn0WrjsRoYZTWo_zYfg",
        "locationConfidence" : 1.7934301
      }, {
        "latitudeE7" : 129754811,
        "longitudeE7" : 776057770,
        "placeId" : "ChIJT4phQocWrjsRmrnx9aMywA8",
        "locationConfidence" : 1.5382946
      }, {
        "latitudeE7" : 129756042,
        "longitudeE7" : 776052099,
        "placeId" : "ChIJOW0IrX0WrjsRTK8qtULnNoE",
        "locationConfidence" : 1.3510389
      }, {
        "latitudeE7" : 129759085,
        "longitudeE7" : 776038557,
        "placeId" : "ChIJXxn4iXwWrjsR7mjtEslOP8I",
        "locationConfidence" : 0.7134598
      }, {
        "latitudeE7" : 129755162,
        "longitudeE7" : 776066919,
        "placeId" : "ChIJvwy9o30WrjsR_3Soez0XLL8",
        "locationConfidence" : 0.6737941
      }, {
        "latitudeE7" : 129753148,
        "longitudeE7" : 776039695,
        "placeId" : "ChIJ3ZVeQ3wWrjsRg_PMwLgpbu8",
        "locationConfidence" : 0.5833113
      }, {
        "latitudeE7" : 129753895,
        "longitudeE7" : 776064443,
        "placeId" : "ChIJH9W3l30WrjsR9IBT8NLUC4I",
        "locationConfidence" : 0.56376743
      } ],
      "editConfirmationStatus" : "NOT_CONFIRMED"
    }
  }, {
    "activitySegment" : {
      "startLocation" : {
        "latitudeE7" : 129752302,
        "longitudeE7" : 776034622,
        "sourceInfo" : {
          "deviceTag" : 606355151
        }
      },
      "endLocation" : {
        "latitudeE7" : 129945463,
        "longitudeE7" : 775329732,
        "sourceInfo" : {
          "deviceTag" : 606355151
        }
      },
      "duration" : {
        "startTimestampMs" : "1555841139152",
        "endTimestampMs" : "1555858581007"
      },
      "distance" : 8041,
      "activityType" : "MOTORCYCLING",
      "confidence" : "LOW",
      "activities" : [ {
        "activityType" : "MOTORCYCLING",
        "probability" : 50.50959396417358
      }, {
        "activityType" : "IN_PASSENGER_VEHICLE",
        "probability" : 45.12949527114304
      }, {
        "activityType" : "WALKING",
        "probability" : 3.1027631878167385
      } ],
      "waypointPath" : {
        "waypoints" : [ {
          "latE7" : 129753313,
          "lngE7" : 776034851
        }, {
          "latE7" : 129982423,
          "lngE7" : 775575637
        }, {
          "latE7" : 129946384,
          "lngE7" : 775327758
        } ]
      },
      "parkingEvent" : {
        "timestampMs" : "1555858401695",
        "location" : {
          "latitudeE7" : 129896303,
          "longitudeE7" : 775560881,
          "accuracyMetres" : 87
        }
      }
    }
  }, {
    "placeVisit" : {
      "location" : {
        "latitudeE7" : 129945463,
        "longitudeE7" : 775329732,
        "placeId" : "ChIJH3rCiLs9rjsRdCtC9ZmQfD4",
        "address" : "C A Site No. 1, 8th Main Road\nKamalanagar\n2nd Cross Rd\n3rd Stage 4th Block, Maruthi Nagar, Basaveshwar Nagar\nBengaluru, Karnataka 560079\nIndia",
        "name" : "KEA Prabhath Rangamandira",
        "sourceInfo" : {
          "deviceTag" : 606355151
        },
        "locationConfidence" : 46.8986
      },
      "duration" : {
        "startTimestampMs" : "1555858581007",
        "endTimestampMs" : "1555905773346"
      },
      "placeConfidence" : "MEDIUM_CONFIDENCE",
      "centerLatE7" : 129941500,
      "centerLngE7" : 775332138,
      "visitConfidence" : 74,
      "otherCandidateLocations" : [ {
        "latitudeE7" : 129943198,
        "longitudeE7" : 775329490,
        "placeId" : "ChIJg_DEjrs9rjsRlsppUDXH-ks",
        "address" : "2nd Cross Rd\n3rd Stage 4th Block, Shakthi Ganapathi Nagar, Basaveshwar Nagar\nBengaluru, Karnataka 560079\nIndia",
        "name" : "Karnataka Engineers Academy",
        "locationConfidence" : 36.297413
      }, {
        "latitudeE7" : 129941968,
        "longitudeE7" : 775328721,
        "placeId" : "ChIJaYPWjrs9rjsRpInRb5uGIY4",
        "locationConfidence" : 4.797669
      }, {
        "latitudeE7" : 129947912,
        "longitudeE7" : 775331854,
        "placeId" : "ChIJ5W0qgLs9rjsRg57goMxXhJ0",
        "locationConfidence" : 0.93760324
      }, {
        "latitudeE7" : 129954096,
        "longitudeE7" : 775334241,
        "placeId" : "ChIJtfrrdNk9rjsRxmCewjEX9a4",
        "locationConfidence" : 0.2253734
      } ],
      "editConfirmationStatus" : "NOT_CONFIRMED"
    }
  }, {
    "activitySegment" : {
      "startLocation" : {
        "latitudeE7" : 129942016,
        "longitudeE7" : 775333454,
        "sourceInfo" : {
          "deviceTag" : 606355151
        }
      },
      "endLocation" : {
        "latitudeE7" : 129945463,
        "longitudeE7" : 775329732,
        "sourceInfo" : {
          "deviceTag" : 606355151
        }
      },
      "duration" : {
        "startTimestampMs" : "1555905773346",
        "endTimestampMs" : "1555911258697"
      },
      "distance" : 21811,
      "activityType" : "MOTORCYCLING",
      "confidence" : "LOW",
      "activities" : [ {
        "activityType" : "MOTORCYCLING",
        "probability" : 47.82025633807482
      }, {
        "activityType" : "IN_PASSENGER_VEHICLE",
        "probability" : 41.864500309098176
      }, {
        "activityType" : "WALKING",
        "probability" : 6.325089872637591
      } ],
      "waypointPath" : {
        "waypoints" : [ {
          "latE7" : 129942474,
          "lngE7" : 775333557
        }, {
          "latE7" : 129948720,
          "lngE7" : 775342636
        }, {
          "latE7" : 129946384,
          "lngE7" : 775327758
        } ]
      },
      "simplifiedRawPath" : {
        "points" : [ {
          "latE7" : 129942016,
          "lngE7" : 775333454,
          "timestampMs" : "1555905773346",
          "accuracyMeters" : 26
        } ]
      },
      "parkingEvent" : {
        "timestampMs" : "1555911371571",
        "location" : {
          "latitudeE7" : 129906392,
          "longitudeE7" : 774301899,
          "accuracyMetres" : 112
        }
      }
    }
  }, {
    "placeVisit" : {
      "location" : {
        "latitudeE7" : 129945463,
        "longitudeE7" : 775329732,
        "placeId" : "ChIJH3rCiLs9rjsRdCtC9ZmQfD4",
        "address" : "C A Site No. 1, 8th Main Road\nKamalanagar\n2nd Cross Rd\n3rd Stage 4th Block, Maruthi Nagar, Basaveshwar Nagar\nBengaluru, Karnataka 560079\nIndia",
        "name" : "KEA Prabhath Rangamandira",
        "sourceInfo" : {
          "deviceTag" : 606355151
        },
        "locationConfidence" : 20.060596
      },
      "duration" : {
        "startTimestampMs" : "1555911258697",
        "endTimestampMs" : "1555946897758"
      },
      "placeConfidence" : "MEDIUM_CONFIDENCE",
      "centerLatE7" : 129941208,
      "centerLngE7" : 775333019,
      "visitConfidence" : 92,
      "otherCandidateLocations" : [ {
        "latitudeE7" : 129943198,
        "longitudeE7" : 775329490,
        "placeId" : "ChIJg_DEjrs9rjsRlsppUDXH-ks",
        "address" : "2nd Cross Rd\n3rd Stage 4th Block, Shakthi Ganapathi Nagar, Basaveshwar Nagar\nBengaluru, Karnataka 560079\nIndia",
        "name" : "Karnataka Engineers Academy",
        "locationConfidence" : 15.088356
      }, {
        "latitudeE7" : 129941968,
        "longitudeE7" : 775328721,
        "placeId" : "ChIJaYPWjrs9rjsRpInRb5uGIY4",
        "locationConfidence" : 12.670633
      }, {
        "latitudeE7" : 129923564,
        "longitudeE7" : 775339666,
        "placeId" : "ChIJjXFkpr49rjsRtIlC_35H2Cg",
        "locationConfidence" : 4.4452734
      }, {
        "latitudeE7" : 129947101,
        "longitudeE7" : 775316729,
        "placeId" : "ChIJpWpVors9rjsRSSAvlhMf16c",
        "locationConfidence" : 0.9448911
      }, {
        "latitudeE7" : 129930940,
        "longitudeE7" : 775361261,
        "placeId" : "ChIJmyLMLLw9rjsRkpZpwvhv6Aw",
        "locationConfidence" : 0.89564246
      }, {
        "latitudeE7" : 129954478,
        "longitudeE7" : 775330745,
        "placeId" : "ChIJ2YqU0rg9rjsRfYsuc-dyWqY",
        "locationConfidence" : 0.67551106
      }, {
        "latitudeE7" : 129935830,
        "longitudeE7" : 775342740,
        "placeId" : "ChIJ-VJeEbw9rjsRj-J6IeDVRtk",
        "locationConfidence" : 0.49583712
      }, {
        "latitudeE7" : 129935830,
        "longitudeE7" : 775342740,
        "placeId" : "ChIJ-VJeEbw9rjsRTO_Dz0EWl-I",
        "locationConfidence" : 0.47412825
      } ],
      "editConfirmationStatus" : "NOT_CONFIRMED"
    }
  }, {
    "activitySegment" : {
      "startLocation" : {
        "latitudeE7" : 129945463,
        "longitudeE7" : 775329732,
        "sourceInfo" : {
          "deviceTag" : 606355151
        }
      },
      "endLocation" : {
        "latitudeE7" : 128888605,
        "longitudeE7" : 748628218,
        "sourceInfo" : {
          "deviceTag" : 606355151
        }
      },
      "duration" : {
        "startTimestampMs" : "1555946897758",
        "endTimestampMs" : "1555983516499"
      },
      "distance" : 289603,
      "activityType" : "IN_PASSENGER_VEHICLE",
      "confidence" : "MEDIUM",
      "activities" : [ {
        "activityType" : "IN_PASSENGER_VEHICLE",
        "probability" : 61.60428429083108
      }, {
        "activityType" : "IN_BUS",
        "probability" : 23.57942892393171
      }, {
        "activityType" : "MOTORCYCLING",
        "probability" : 9.727305098819668
      } ],
      "waypointPath" : {
        "waypoints" : [ {
          "latE7" : 129946384,
          "lngE7" : 775327758
        }, {
          "latE7" : 130605106,
          "lngE7" : 773373184
        }, {
          "latE7" : 128888940,
          "lngE7" : 748628692
        } ]
      },
      "parkingEvent" : {
        "timestampMs" : "1555983580319",
        "location" : {
          "latitudeE7" : 128888605,
          "longitudeE7" : 748628218,
          "accuracyMetres" : 137
        }
      }
    }
  }, {
    "placeVisit" : {
      "location" : {
        "latitudeE7" : 128891859,
        "longitudeE7" : 748635259,
        "placeId" : "ChIJZYJODBhaozsRdmp0TurVoyA",
        "address" : "Shradhananda Ashram Road\nPadua\nnear Padua College\nKadri Hills, Kadri\nMangalore, Karnataka 575005\nIndia",
        "name" : "Eden Aquatic and Sports Foundations",
        "semanticType" : "TYPE_HOME",
        "sourceInfo" : {
          "deviceTag" : 606355151
        },
        "locationConfidence" : 92.563515
      },
      "duration" : {
        "startTimestampMs" : "1555983516499",
        "endTimestampMs" : "1556257329468"
      },
      "placeConfidence" : "HIGH_CONFIDENCE",
      "centerLatE7" : 128887463,
      "centerLngE7" : 748632642,
      "visitConfidence" : 95,
      "otherCandidateLocations" : [ {
        "latitudeE7" : 128890200,
        "longitudeE7" : 748629490,
        "placeId" : "ChIJN50sBBhaozsRa7xlVLZE8KY",
        "semanticType" : "TYPE_SEARCHED_ADDRESS",
        "locationConfidence" : 2.9497514
      }, {
        "latitudeE7" : 128897660,
        "longitudeE7" : 748631980,
        "placeId" : "ChIJ4apFFxhaozsRIcwPA3QgrtY",
        "semanticType" : "TYPE_SEARCHED_ADDRESS",
        "locationConfidence" : 0.96912974
      }, {
        "latitudeE7" : 128884483,
        "longitudeE7" : 748610386,
        "placeId" : "ChIJd46jXz1aozsRluRQGZYo358",
        "locationConfidence" : 0.5703276
      }, {
        "latitudeE7" : 128891179,
        "longitudeE7" : 748614913,
        "placeId" : "ChIJc-aRgjlbozsR8rwgLu1J238",
        "locationConfidence" : 0.4065901
      } ],
      "editConfirmationStatus" : "NOT_CONFIRMED"
    }
  }, {
    "activitySegment" : {
      "startLocation" : {
        "latitudeE7" : 128887869,
        "longitudeE7" : 748628247,
        "sourceInfo" : {
          "deviceTag" : 606355151
        }
      },
      "endLocation" : {
        "latitudeE7" : 128860336,
        "longitudeE7" : 748408218,
        "sourceInfo" : {
          "deviceTag" : 606355151
        }
      },
      "duration" : {
        "startTimestampMs" : "1556257329468",
        "endTimestampMs" : "1556258200014"
      },
      "distance" : 29635,
      "activityType" : "MOTORCYCLING",
      "confidence" : "LOW",
      "activities" : [ {
        "activityType" : "MOTORCYCLING",
        "probability" : 53.022622478448866
      }, {
        "activityType" : "IN_PASSENGER_VEHICLE",
        "probability" : 31.244819923610994
      }, {
        "activityType" : "WALKING",
        "probability" : 8.684377364369487
      } ],
      "waypointPath" : {
        "waypoints" : [ {
          "latE7" : 128888549,
          "lngE7" : 748628997
        }, {
          "latE7" : 128838853,
          "lngE7" : 748635482
        }, {
          "latE7" : 128858003,
          "lngE7" : 748408737
        } ]
      },
      "parkingEvent" : {
        "timestampMs" : "1556258033373",
        "location" : {
          "latitudeE7" : 128864196,
          "longitudeE7" : 748407830,
          "accuracyMetres" : 104
        }
      }
    }
  }, {
    "placeVisit" : {
      "location" : {
        "latitudeE7" : 128860336,
        "longitudeE7" : 748408218,
        "placeId" : "ChIJ77HwkEJaozsRgiAlcGC7dPk",
        "address" : "Bejai Main Rd\nopp. KSRTC Bustand\nLalbagh\nMangalore, Karnataka 575003\nIndia",
        "name" : "Bharath Mall",
        "sourceInfo" : {
          "deviceTag" : 606355151
        },
        "locationConfidence" : 84.543106
      },
      "duration" : {
        "startTimestampMs" : "1556258200014",
        "endTimestampMs" : "1556270444522"
      },
      "placeConfidence" : "MEDIUM_CONFIDENCE",
      "childVisits" : [ {
        "location" : {
          "latitudeE7" : 128862521,
          "longitudeE7" : 748409595,
          "placeId" : "ChIJvbHwkEJaozsRsaxGJWvt1vA",
          "address" : "2nd Floor, Bharath Mall, Opp. KSRTC Bus Stand\nLalbagh Rd\nBejai\nMangalore, Karnataka 575004\nIndia",
          "name" : "Cineplex Bharath Cinemas",
          "sourceInfo" : {
            "deviceTag" : 606355151
          },
          "locationConfidence" : 71.41591
        },
        "duration" : {
          "startTimestampMs" : "1556258200014",
          "endTimestampMs" : "1556270444522"
        },
        "placeConfidence" : "MEDIUM_CONFIDENCE",
        "centerLatE7" : 128863724,
        "centerLngE7" : 748419642,
        "visitConfidence" : 95,
        "otherCandidateLocations" : [ {
          "latitudeE7" : 128856939,
          "longitudeE7" : 748427050,
          "placeId" : "ChIJVxypREJaozsR8VmFhpKplU8",
          "locationConfidence" : 0.27661803
        }, {
          "latitudeE7" : 128854911,
          "longitudeE7" : 748416607,
          "placeId" : "ChIJqxLe9kJaozsRUyKtOABpjSc",
          "locationConfidence" : 0.2260158
        }, {
          "latitudeE7" : 128856093,
          "longitudeE7" : 748425212,
          "placeId" : "ChIJo9MMW0JaozsRp86PqEIcJvg",
          "locationConfidence" : 0.19914146
        }, {
          "latitudeE7" : 128857823,
          "longitudeE7" : 748421690,
          "placeId" : "ChIJYafoXkJaozsR_t_oJGYxvNk",
          "locationConfidence" : 0.18393454
        } ],
        "editConfirmationStatus" : "NOT_CONFIRMED"
      } ],
      "centerLatE7" : 128863037,
      "centerLngE7" : 748420971,
      "visitConfidence" : 95,
      "otherCandidateLocations" : [ {
        "latitudeE7" : 128856939,
        "longitudeE7" : 748427050,
        "placeId" : "ChIJVxypREJaozsR8VmFhpKplU8",
        "locationConfidence" : 0.3274641
      }, {
        "latitudeE7" : 128854911,
        "longitudeE7" : 748416607,
        "placeId" : "ChIJqxLe9kJaozsRUyKtOABpjSc",
        "locationConfidence" : 0.2675605
      }, {
        "latitudeE7" : 128856093,
        "longitudeE7" : 748425212,
        "placeId" : "ChIJo9MMW0JaozsRp86PqEIcJvg",
        "locationConfidence" : 0.23574631
      }, {
        "latitudeE7" : 128857823,
        "longitudeE7" : 748421690,
        "placeId" : "ChIJYafoXkJaozsR_t_oJGYxvNk",
        "locationConfidence" : 0.21774416
      } ],
      "editConfirmationStatus" : "NOT_CONFIRMED"
    }
  }, {
    "activitySegment" : {
      "startLocation" : {
        "latitudeE7" : 128860336,
        "longitudeE7" : 748408218,
        "sourceInfo" : {
          "deviceTag" : 606355151
        }
      },
      "endLocation" : {
        "latitudeE7" : 128887869,
        "longitudeE7" : 748628247,
        "sourceInfo" : {
          "deviceTag" : 606355151
        }
      },
      "duration" : {
        "startTimestampMs" : "1556270444522",
        "endTimestampMs" : "1556272389289"
      },
      "distance" : 2419,
      "activityType" : "IN_PASSENGER_VEHICLE",
      "confidence" : "MEDIUM",
      "activities" : [ {
        "activityType" : "IN_PASSENGER_VEHICLE",
        "probability" : 80.48020750320755
      }, {
        "activityType" : "MOTORCYCLING",
        "probability" : 13.602610007454196
      }, {
        "activityType" : "WALKING",
        "probability" : 3.792846669689248
      } ],
      "waypointPath" : {
        "waypoints" : [ {
          "latE7" : 128858003,
          "lngE7" : 748408737
        }, {
          "latE7" : 128908567,
          "lngE7" : 748540496
        }, {
          "latE7" : 128888549,
          "lngE7" : 748628997
        } ]
      },
      "parkingEvent" : {
        "timestampMs" : "1556272449355",
        "location" : {
          "latitudeE7" : 128887869,
          "longitudeE7" : 748628247,
          "accuracyMetres" : 76
        }
      }
    }
  }, {
    "placeVisit" : {
      "location" : {
        "latitudeE7" : 128891859,
        "longitudeE7" : 748635259,
        "placeId" : "ChIJZYJODBhaozsRdmp0TurVoyA",
        "address" : "Shradhananda Ashram Road\nPadua\nnear Padua College\nKadri Hills, Kadri\nMangalore, Karnataka 575005\nIndia",
        "name" : "Eden Aquatic and Sports Foundations",
        "semanticType" : "TYPE_HOME",
        "sourceInfo" : {
          "deviceTag" : 606355151
        },
        "locationConfidence" : 92.33069
      },
      "duration" : {
        "startTimestampMs" : "1556272389289",
        "endTimestampMs" : "1556515861458"
      },
      "placeConfidence" : "HIGH_CONFIDENCE",
      "centerLatE7" : 128887944,
      "centerLngE7" : 748628190,
      "visitConfidence" : 96,
      "otherCandidateLocations" : [ {
        "latitudeE7" : 128890200,
        "longitudeE7" : 748629490,
        "placeId" : "ChIJN50sBBhaozsRa7xlVLZE8KY",
        "semanticType" : "TYPE_SEARCHED_ADDRESS",
        "locationConfidence" : 2.810967
      }, {
        "latitudeE7" : 128897660,
        "longitudeE7" : 748631980,
        "placeId" : "ChIJ4apFFxhaozsRIcwPA3QgrtY",
        "semanticType" : "TYPE_SEARCHED_ADDRESS",
        "locationConfidence" : 0.8594906
      }, {
        "latitudeE7" : 128891179,
        "longitudeE7" : 748614913,
        "placeId" : "ChIJc-aRgjlbozsR8rwgLu1J238",
        "locationConfidence" : 0.65278083
      }, {
        "latitudeE7" : 128884483,
        "longitudeE7" : 748610386,
        "placeId" : "ChIJd46jXz1aozsRluRQGZYo358",
        "locationConfidence" : 0.5587048
      } ],
      "editConfirmationStatus" : "NOT_CONFIRMED"
    }
  }, {
    "activitySegment" : {
      "startLocation" : {
        "latitudeE7" : 128887869,
        "longitudeE7" : 748628247,
        "sourceInfo" : {
          "deviceTag" : 606355151
        }
      },
      "endLocation" : {
        "latitudeE7" : 128790027,
        "longitudeE7" : 748501448,
        "sourceInfo" : {
          "deviceTag" : 606355151
        }
      },
      "duration" : {
        "startTimestampMs" : "1556515861458",
        "endTimestampMs" : "1556516433397"
      },
      "distance" : 1752,
      "activityType" : "IN_PASSENGER_VEHICLE",
      "confidence" : "LOW",
      "activities" : [ {
        "activityType" : "IN_PASSENGER_VEHICLE",
        "probability" : 52.23552803733562
      }, {
        "activityType" : "MOTORCYCLING",
        "probability" : 27.109118501460927
      }, {
        "activityType" : "IN_BUS",
        "probability" : 10.7860765763281
      } ],
      "waypointPath" : {
        "waypoints" : [ {
          "latE7" : 128888549,
          "lngE7" : 748628997
        }, {
          "latE7" : 128839807,
          "lngE7" : 748638229
        }, {
          "latE7" : 128790073,
          "lngE7" : 748503036
        } ]
      },
      "parkingEvent" : {
        "timestampMs" : "1556516796396",
        "location" : {
          "latitudeE7" : 128725326,
          "longitudeE7" : 748417608,
          "accuracyMetres" : 91
        }
      }
    }
  }, {
    "activitySegment" : {
      "startLocation" : {
        "latitudeE7" : 128790027,
        "longitudeE7" : 748501448,
        "sourceInfo" : {
          "deviceTag" : 606355151
        }
      },
      "endLocation" : {
        "latitudeE7" : 128664268,
        "longitudeE7" : 748388334,
        "sourceInfo" : {
          "deviceTag" : 606355151
        }
      },
      "duration" : {
        "startTimestampMs" : "1556516433397",
        "endTimestampMs" : "1556517653280"
      },
      "distance" : 2107,
      "activityType" : "MOTORCYCLING",
      "confidence" : "LOW",
      "activities" : [ {
        "activityType" : "MOTORCYCLING",
        "probability" : 24.460352121427224
      }, {
        "activityType" : "IN_BUS",
        "probability" : 23.39349346827681
      }, {
        "activityType" : "WALKING",
        "probability" : 21.958181277667393
      } ],
      "waypointPath" : {
        "waypoints" : [ {
          "latE7" : 128790073,
          "lngE7" : 748503036
        }, {
          "latE7" : 128697853,
          "lngE7" : 748419418
        }, {
          "latE7" : 128663301,
          "lngE7" : 748384857
        } ]
      },
      "simplifiedRawPath" : {
        "points" : [ {
          "latE7" : 128684866,
          "lngE7" : 748384739,
          "timestampMs" : "1556517470217",
          "accuracyMeters" : 30
        } ]
      },
      "parkingEvent" : {
        "timestampMs" : "1556517735021",
        "location" : {
          "latitudeE7" : 128653292,
          "longitudeE7" : 748386787,
          "accuracyMetres" : 87
        }
      }
    }
  }, {
    "placeVisit" : {
      "location" : {
        "latitudeE7" : 128664268,
        "longitudeE7" : 748388334,
        "placeId" : "ChIJu283nlJaozsR1sjgx1WKD1A",
        "name" : "Kudla Central Market",
        "sourceInfo" : {
          "deviceTag" : 606355151
        },
        "locationConfidence" : 23.220518
      },
      "duration" : {
        "startTimestampMs" : "1556517653280",
        "endTimestampMs" : "1556517992650"
      },
      "placeConfidence" : "LOW_CONFIDENCE",
      "childVisits" : [ {
        "location" : {
          "latitudeE7" : 128657670,
          "longitudeE7" : 748387549,
          "placeId" : "ChIJI9PjBk1aozsRUGzUuMkAOHY",
          "address" : "13-5-599/598\nopp. Central Market Market Road\nBhavathi, Bunder\nMangalore, Karnataka 575001\nIndia",
          "name" : "Kalpana Sweets",
          "sourceInfo" : {
            "deviceTag" : 606355151
          },
          "locationConfidence" : 4.676315
        },
        "duration" : {
          "startTimestampMs" : "1556517653280",
          "endTimestampMs" : "1556517992650"
        },
        "placeConfidence" : "LOW_CONFIDENCE",
        "centerLatE7" : 128655578,
        "centerLngE7" : 748388367,
        "visitConfidence" : 86,
        "otherCandidateLocations" : [ {
          "latitudeE7" : 128660474,
          "longitudeE7" : 748381564,
          "placeId" : "ChIJxxwdvVJaozsRlsO3ABD4bZY",
          "locationConfidence" : 0.24349351
        }, {
          "latitudeE7" : 128661239,
          "longitudeE7" : 748382862,
          "placeId" : "ChIJP9LKolJaozsRr1kRFYBxgPY",
          "locationConfidence" : 0.15471733
        }, {
          "latitudeE7" : 128659474,
          "longitudeE7" : 748391076,
          "placeId" : "ChIJeyPCbk1aozsRV5tGFsHVhJ0",
          "locationConfidence" : 0.14985067
        }, {
          "latitudeE7" : 128661163,
          "longitudeE7" : 748392031,
          "placeId" : "ChIJI9PjBk1aozsRg4BLXGbbaMo",
          "locationConfidence" : 0.14175187
        } ],
        "editConfirmationStatus" : "NOT_CONFIRMED"
      } ],
      "centerLatE7" : 128655578,
      "centerLngE7" : 748388367,
      "visitConfidence" : 86,
      "otherCandidateLocations" : [ {
        "latitudeE7" : 128657670,
        "longitudeE7" : 748387549,
        "placeId" : "ChIJI9PjBk1aozsRUGzUuMkAOHY",
        "address" : "13-5-599/598\nopp. Central Market Market Road\nBhavathi, Bunder\nMangalore, Karnataka 575001\nIndia",
        "name" : "Kalpana Sweets",
        "locationConfidence" : 15.795863
      }, {
        "latitudeE7" : 128660474,
        "longitudeE7" : 748381564,
        "placeId" : "ChIJxxwdvVJaozsRlsO3ABD4bZY",
        "locationConfidence" : 0.8224831
      }, {
        "latitudeE7" : 128661239,
        "longitudeE7" : 748382862,
        "placeId" : "ChIJP9LKolJaozsRr1kRFYBxgPY",
        "locationConfidence" : 0.522611
      }, {
        "latitudeE7" : 128659474,
        "longitudeE7" : 748391076,
        "placeId" : "ChIJeyPCbk1aozsRV5tGFsHVhJ0",
        "locationConfidence" : 0.5061722
      }, {
        "latitudeE7" : 128661163,
        "longitudeE7" : 748392031,
        "placeId" : "ChIJI9PjBk1aozsRg4BLXGbbaMo",
        "locationConfidence" : 0.4788157
      }, {
        "latitudeE7" : 128659450,
        "longitudeE7" : 748391030,
        "placeId" : "ChIJQ8olMKFQozsRJXQSlbTMcBs",
        "locationConfidence" : 0.46520263
      } ],
      "editConfirmationStatus" : "NOT_CONFIRMED"
    }
  }, {
    "activitySegment" : {
      "startLocation" : {
        "latitudeE7" : 128654815,
        "longitudeE7" : 748397268,
        "sourceInfo" : {
          "deviceTag" : 606355151
        }
      },
      "endLocation" : {
        "latitudeE7" : 128887869,
        "longitudeE7" : 748628247,
        "sourceInfo" : {
          "deviceTag" : 606355151
        }
      },
      "duration" : {
        "startTimestampMs" : "1556517992650",
        "endTimestampMs" : "1556519706016"
      },
      "distance" : 3603,
      "activityType" : "IN_PASSENGER_VEHICLE",
      "confidence" : "MEDIUM",
      "activities" : [ {
        "activityType" : "IN_PASSENGER_VEHICLE",
        "probability" : 59.31470326387572
      }, {
        "activityType" : "MOTORCYCLING",
        "probability" : 17.380013588741665
      }, {
        "activityType" : "IN_BUS",
        "probability" : 14.695416531649663
      } ],
      "waypointPath" : {
        "waypoints" : [ {
          "latE7" : 128653640,
          "lngE7" : 748398056
        }, {
          "latE7" : 128908567,
          "lngE7" : 748540496
        }, {
          "latE7" : 128888549,
          "lngE7" : 748628997
        } ]
      },
      "parkingEvent" : {
        "timestampMs" : "1556519766939",
        "location" : {
          "latitudeE7" : 128887869,
          "longitudeE7" : 748628247,
          "accuracyMetres" : 116
        }
      }
    }
  }, {
    "placeVisit" : {
      "location" : {
        "latitudeE7" : 128891859,
        "longitudeE7" : 748635259,
        "placeId" : "ChIJZYJODBhaozsRdmp0TurVoyA",
        "address" : "Shradhananda Ashram Road\nPadua\nnear Padua College\nKadri Hills, Kadri\nMangalore, Karnataka 575005\nIndia",
        "name" : "Eden Aquatic and Sports Foundations",
        "semanticType" : "TYPE_HOME",
        "sourceInfo" : {
          "deviceTag" : 606355151
        },
        "locationConfidence" : 96.52024
      },
      "duration" : {
        "startTimestampMs" : "1556519706016",
        "endTimestampMs" : "1556807891262"
      },
      "placeConfidence" : "HIGH_CONFIDENCE",
      "centerLatE7" : 128887875,
      "centerLngE7" : 748628158,
      "visitConfidence" : 93,
      "otherCandidateLocations" : [ {
        "latitudeE7" : 128890200,
        "longitudeE7" : 748629490,
        "placeId" : "ChIJN50sBBhaozsRa7xlVLZE8KY",
        "semanticType" : "TYPE_SEARCHED_ADDRESS",
        "locationConfidence" : 0.9972475
      }, {
        "latitudeE7" : 128897660,
        "longitudeE7" : 748631980,
        "placeId" : "ChIJ4apFFxhaozsRIcwPA3QgrtY",
        "semanticType" : "TYPE_SEARCHED_ADDRESS",
        "locationConfidence" : 0.36494678
      }, {
        "latitudeE7" : 128884483,
        "longitudeE7" : 748610386,
        "placeId" : "ChIJd46jXz1aozsRluRQGZYo358",
        "locationConfidence" : 0.35722086
      }, {
        "latitudeE7" : 128875092,
        "longitudeE7" : 748617924,
        "placeId" : "ChIJD3baTj1aozsRJDU2VRkyBxM",
        "semanticType" : "TYPE_SEARCHED_ADDRESS",
        "locationConfidence" : 0.23289675
      } ],
      "editConfirmationStatus" : "NOT_CONFIRMED"
    }
  } ]
}