{
  "timelineObjects" : [ {
    "placeVisit" : {
      "location" : {
        "latitudeE7" : 128891859,
        "longitudeE7" : 748635259,
        "placeId" : "ChIJZYJODBhaozsRdmp0TurVoyA",
        "address" : "Shradhananda Ashram Road\nPadua\nnear Padua College\nKadri Hills, Kadri\nMangalore, Karnataka 575005\nIndia",
        "name" : "Eden Aquatic and Sports Foundations",
        "semanticType" : "TYPE_HOME",
        "sourceInfo" : {
          "deviceTag" : 708091372
        },
        "locationConfidence" : 82.81101
      },
      "duration" : {
        "startTimestampMs" : "1620227665475",
        "endTimestampMs" : "1620457111480"
      },
      "placeConfidence" : "HIGH_CONFIDENCE",
      "centerLatE7" : 128887697,
      "centerLngE7" : 748629380,
      "visitConfidence" : 92,
      "otherCandidateLocations" : [ {
        "latitudeE7" : 128886989,
        "longitudeE7" : 748629702,
        "placeId" : "ChIJE5-HSGFbozsRAJkMiD4bPoM",
        "locationConfidence" : 8.194416
      }, {
        "latitudeE7" : 128890200,
        "longitudeE7" : 748629490,
        "placeId" : "ChIJN50sBBhaozsRa7xlVLZE8KY",
        "semanticType" : "TYPE_SEARCHED_ADDRESS",
        "locationConfidence" : 0.9745169
      }, {
        "latitudeE7" : 128891920,
        "longitudeE7" : 748628830,
        "placeId" : "ChIJpYzzBBhaozsRG8sordzEw5o",
        "semanticType" : "TYPE_SEARCHED_ADDRESS",
        "locationConfidence" : 0.6180577
      }, {
        "latitudeE7" : 128895912,
        "longitudeE7" : 748638000,
        "placeId" : "ChIJ241tHQdbozsRBF-9yujzNBs",
        "locationConfidence" : 0.48881635
      } ],
      "editConfirmationStatus" : "NOT_CONFIRMED"
    }
  }, {
    "placeVisit" : {
      "location" : {
        "latitudeE7" : 128891859,
        "longitudeE7" : 748635259,
        "placeId" : "ChIJZYJODBhaozsRdmp0TurVoyA",
        "address" : "Shradhananda Ashram Road\nPadua\nnear Padua College\nKadri Hills, Kadri\nMangalore, Karnataka 575005\nIndia",
        "name" : "Eden Aquatic and Sports Foundations",
        "semanticType" : "TYPE_HOME",
        "sourceInfo" : {
          "deviceTag" : -1399941663
        },
        "locationConfidence" : 75.880936
      },
      "duration" : {
        "startTimestampMs" : "1621934723193",
        "endTimestampMs" : "1623561321155"
      },
      "placeConfidence" : "HIGH_CONFIDENCE",
      "centerLatE7" : 128888136,
      "centerLngE7" : 748628693,
      "visitConfidence" : 87,
      "otherCandidateLocations" : [ {
        "latitudeE7" : 128886989,
        "longitudeE7" : 748629702,
        "placeId" : "ChIJE5-HSGFbozsRAJkMiD4bPoM",
        "locationConfidence" : 13.470066
      }, {
        "latitudeE7" : 128891920,
        "longitudeE7" : 748628830,
        "placeId" : "ChIJpYzzBBhaozsRG8sordzEw5o",
        "semanticType" : "TYPE_SEARCHED_ADDRESS",
        "locationConfidence" : 2.3619475
      }, {
        "latitudeE7" : 128890200,
        "longitudeE7" : 748629490,
        "placeId" : "ChIJN50sBBhaozsRa7xlVLZE8KY",
        "semanticType" : "TYPE_SEARCHED_ADDRESS",
        "locationConfidence" : 2.2923927
      }, {
        "latitudeE7" : 128897660,
        "longitudeE7" : 748631980,
        "placeId" : "ChIJ4apFFxhaozsRIcwPA3QgrtY",
        "semanticType" : "TYPE_SEARCHED_ADDRESS",
        "locationConfidence" : 0.6909991
      }, {
        "latitudeE7" : 128895912,
        "longitudeE7" : 748638000,
        "placeId" : "ChIJ241tHQdbozsRBF-9yujzNBs",
        "locationConfidence" : 0.4744513
      } ],
      "editConfirmationStatus" : "NOT_CONFIRMED"
    }
  } ]
}