{
  "timelineObjects" : [ {
    "activitySegment" : {
      "startLocation" : {
        "latitudeE7" : 128887674,
        "longitudeE7" : 748629196,
        "sourceInfo" : {
          "deviceTag" : -1399941663
        }
      },
      "endLocation" : {
        "latitudeE7" : 128689563,
        "longitudeE7" : 748647201,
        "sourceInfo" : {
          "deviceTag" : -1399941663
        }
      },
      "duration" : {
        "startTimestampMs" : "1623561321155",
        "endTimestampMs" : "1623562080134"
      },
      "distance" : 2279,
      "activityType" : "IN_PASSENGER_VEHICLE",
      "confidence" : "HIGH",
      "activities" : [ {
        "activityType" : "IN_PASSENGER_VEHICLE",
        "probability" : 87.249755859375
      }, {
        "activityType" : "MOTORCYCLING",
        "probability" : 9.437226504087448
      }, {
        "activityType" : "WALKING",
        "probability" : 2.4514205753803253
      }, {
        "activityType" : "CYCLING",
        "probability" : 0.3947724588215351
      }, {
        "activityType" : "STILL",
        "probability" : 0.1722279004752636
      }, {
        "activityType" : "IN_BUS",
        "probability" : 0.16772389644756913
      }, {
        "activityType" : "RUNNING",
        "probability" : 0.05416579078882933
      }, {
        "activityType" : "IN_FERRY",
        "probability" : 0.023165026505012065
      }, {
        "activityType" : "FLYING",
        "probability" : 0.021934762480668724
      }, {
        "activityType" : "IN_TRAIN",
        "probability" : 0.012280012015253305
      }, {
        "activityType" : "SKIING",
        "probability" : 0.0063141917053144425
      }, {
        "activityType" : "IN_SUBWAY",
        "probability" : 0.005605044498224743
      }, {
        "activityType" : "SAILING",
        "probability" : 0.0033172545954585075
      }, {
        "activityType" : "IN_TRAM",
        "probability" : 8.850406629790086E-5
      }, {
        "activityType" : "IN_VEHICLE",
        "probability" : 7.513547117810049E-7
      } ],
      "waypointPath" : {
        "waypoints" : [ {
          "latE7" : 128887987,
          "lngE7" : 748629531
        }, {
          "latE7" : 128839788,
          "lngE7" : 748638458
        }, {
          "latE7" : 128690996,
          "lngE7" : 748649215
        } ]
      },
      "parkingEvent" : {
        "timestampMs" : "1623562640234",
        "location" : {
          "latitudeE7" : 128728431,
          "longitudeE7" : 748643699,
          "accuracyMetres" : 124
        }
      }
    }
  }, {
    "placeVisit" : {
      "location" : {
        "latitudeE7" : 128687855,
        "longitudeE7" : 748647803,
        "placeId" : "ChIJj7zSBS1aozsRYx5N5vJZZ_Y",
        "address" : "VV97+GW6\nPumpwell\nMangalore, Karnataka 575007\nIndia",
        "name" : "Nitte Education International",
        "sourceInfo" : {
          "deviceTag" : -1399941663
        },
        "locationConfidence" : 77.86189
      },
      "duration" : {
        "startTimestampMs" : "1623562080134",
        "endTimestampMs" : "1623564078849"
      },
      "placeConfidence" : "MEDIUM_CONFIDENCE",
      "centerLatE7" : 128689800,
      "centerLngE7" : 748647833,
      "visitConfidence" : 95,
      "otherCandidateLocations" : [ {
        "latitudeE7" : 128691149,
        "longitudeE7" : 748641142,
        "placeId" : "ChIJNZzxBJFbozsRkiDwZsCbNCg",
        "locationConfidence" : 5.5548725
      }, {
        "latitudeE7" : 128685550,
        "longitudeE7" : 748643750,
        "placeId" : "ChIJo0ILGi1aozsRc47UKWsfl3k",
        "locationConfidence" : 4.177838
      }, {
        "latitudeE7" : 128693600,
        "longitudeE7" : 748642410,
        "placeId" : "ChIJYaPSpi1aozsRM9_yLz9nnaQ",
        "locationConfidence" : 1.0059099
      }, {
        "latitudeE7" : 128681006,
        "longitudeE7" : 748642422,
        "placeId" : "ChIJbQwTES1aozsRiNR01a5qC2I",
        "locationConfidence" : 0.6226627
      }, {
        "latitudeE7" : 128678969,
        "longitudeE7" : 748652943,
        "placeId" : "ChIJR9KvC9NbozsRsepm34mzHPE",
        "locationConfidence" : 0.4722504
      } ],
      "editConfirmationStatus" : "NOT_CONFIRMED"
    }
  }, {
    "activitySegment" : {
      "startLocation" : {
        "latitudeE7" : 128691681,
        "longitudeE7" : 748652063,
        "sourceInfo" : {
          "deviceTag" : -1399941663
        }
      },
      "endLocation" : {
        "latitudeE7" : 128887692,
        "longitudeE7" : 748629165,
        "sourceInfo" : {
          "deviceTag" : -1399941663
        }
      },
      "duration" : {
        "startTimestampMs" : "1623564078849",
        "endTimestampMs" : "1623564751042"
      },
      "distance" : 2392,
      "activityType" : "IN_PASSENGER_VEHICLE",
      "confidence" : "HIGH",
      "activities" : [ {
        "activityType" : "IN_PASSENGER_VEHICLE",
        "probability" : 90.93934893608093
      }, {
        "activityType" : "MOTORCYCLING",
        "probability" : 6.324243545532227
      }, {
        "activityType" : "WALKING",
        "probability" : 1.7437955364584923
      }, {
        "activityType" : "CYCLING",
        "probability" : 0.30801622197031975
      }, {
        "activityType" : "IN_BUS",
        "probability" : 0.27020133566111326
      }, {
        "activityType" : "STILL",
        "probability" : 0.21572739351540804
      }, {
        "activityType" : "FLYING",
        "probability" : 0.062007305677980185
      }, {
        "activityType" : "RUNNING",
        "probability" : 0.05071731866337359
      }, {
        "activityType" : "IN_FERRY",
        "probability" : 0.04870780976489186
      }, {
        "activityType" : "IN_TRAIN",
        "probability" : 0.020609078637789935
      }, {
        "activityType" : "SKIING",
        "probability" : 0.00849956413730979
      }, {
        "activityType" : "SAILING",
        "probability" : 0.004510912913247012
      }, {
        "activityType" : "IN_SUBWAY",
        "probability" : 0.0034068569220835343
      }, {
        "activityType" : "IN_TRAM",
        "probability" : 2.043213498836849E-4
      }, {
        "activityType" : "IN_VEHICLE",
        "probability" : 1.3199864534740868E-7
      } ],
      "waypointPath" : {
        "waypoints" : [ {
          "latE7" : 128690137,
          "lngE7" : 748649902
        }, {
          "latE7" : 128838834,
          "lngE7" : 748635711
        }, {
          "latE7" : 128888034,
          "lngE7" : 748629531
        } ]
      },
      "parkingEvent" : {
        "timestampMs" : "1623564663165",
        "location" : {
          "latitudeE7" : 128883066,
          "longitudeE7" : 748619086,
          "accuracyMetres" : 46
        }
      }
    }
  }, {
    "placeVisit" : {
      "location" : {
        "latitudeE7" : 128891859,
        "longitudeE7" : 748635259,
        "placeId" : "ChIJZYJODBhaozsRdmp0TurVoyA",
        "address" : "Shradhananda Ashram Road\nPadua\nnear Padua College\nKadri Hills, Kadri\nMangalore, Karnataka 575005\nIndia",
        "name" : "Eden Aquatic and Sports Foundations",
        "semanticType" : "TYPE_HOME",
        "sourceInfo" : {
          "deviceTag" : -1399941663
        },
        "locationConfidence" : 76.646645
      },
      "duration" : {
        "startTimestampMs" : "1623564751042",
        "endTimestampMs" : "1623897495900"
      },
      "placeConfidence" : "HIGH_CONFIDENCE",
      "centerLatE7" : 128887689,
      "centerLngE7" : 748629173,
      "visitConfidence" : 91,
      "otherCandidateLocations" : [ {
        "latitudeE7" : 128886989,
        "longitudeE7" : 748629702,
        "placeId" : "ChIJE5-HSGFbozsRAJkMiD4bPoM",
        "locationConfidence" : 18.41781
      }, {
        "latitudeE7" : 128890200,
        "longitudeE7" : 748629490,
        "placeId" : "ChIJN50sBBhaozsRa7xlVLZE8KY",
        "semanticType" : "TYPE_SEARCHED_ADDRESS",
        "locationConfidence" : 2.184228
      }, {
        "latitudeE7" : 128891920,
        "longitudeE7" : 748628830,
        "placeId" : "ChIJpYzzBBhaozsRG8sordzEw5o",
        "semanticType" : "TYPE_SEARCHED_ADDRESS",
        "locationConfidence" : 1.0075847
      }, {
        "latitudeE7" : 128895912,
        "longitudeE7" : 748638000,
        "placeId" : "ChIJ241tHQdbozsRBF-9yujzNBs",
        "locationConfidence" : 0.53074
      }, {
        "latitudeE7" : 128897660,
        "longitudeE7" : 748631980,
        "placeId" : "ChIJ4apFFxhaozsRIcwPA3QgrtY",
        "semanticType" : "TYPE_SEARCHED_ADDRESS",
        "locationConfidence" : 0.475515
      } ],
      "editConfirmationStatus" : "NOT_CONFIRMED"
    }
  }, {
    "activitySegment" : {
      "startLocation" : {
        "latitudeE7" : 128887172,
        "longitudeE7" : 748630348,
        "sourceInfo" : {
          "deviceTag" : -1399941663
        }
      },
      "endLocation" : {
        "latitudeE7" : 128887398,
        "longitudeE7" : 748628970,
        "sourceInfo" : {
          "deviceTag" : -1399941663
        }
      },
      "duration" : {
        "startTimestampMs" : "1623897495900",
        "endTimestampMs" : "1623898540896"
      },
      "distance" : 1108,
      "activityType" : "WALKING",
      "confidence" : "MEDIUM",
      "activities" : [ {
        "activityType" : "WALKING",
        "probability" : 67.18373894691467
      }, {
        "activityType" : "IN_PASSENGER_VEHICLE",
        "probability" : 16.34056270122528
      }, {
        "activityType" : "MOTORCYCLING",
        "probability" : 9.730378538370132
      }, {
        "activityType" : "CYCLING",
        "probability" : 3.173166885972023
      }, {
        "activityType" : "STILL",
        "probability" : 2.479494921863079
      }, {
        "activityType" : "RUNNING",
        "probability" : 0.6250099744647741
      }, {
        "activityType" : "IN_BUS",
        "probability" : 0.3155661281198263
      }, {
        "activityType" : "IN_FERRY",
        "probability" : 0.04663215659093112
      }, {
        "activityType" : "SKIING",
        "probability" : 0.039837678195908666
      }, {
        "activityType" : "IN_TRAIN",
        "probability" : 0.019088757107965648
      }, {
        "activityType" : "SAILING",
        "probability" : 0.018548652587924153
      }, {
        "activityType" : "FLYING",
        "probability" : 0.014352600555866957
      }, {
        "activityType" : "IN_SUBWAY",
        "probability" : 0.0128423489513807
      }, {
        "activityType" : "IN_TRAM",
        "probability" : 7.84217263571918E-4
      }, {
        "activityType" : "IN_VEHICLE",
        "probability" : 1.517757652891305E-6
      } ],
      "waypointPath" : {
        "waypoints" : [ {
          "latE7" : 128887300,
          "lngE7" : 748630447
        }, {
          "latE7" : 128887605,
          "lngE7" : 748629989
        }, {
          "latE7" : 128887958,
          "lngE7" : 748629608
        } ]
      }
    }
  }, {
    "placeVisit" : {
      "location" : {
        "latitudeE7" : 128891859,
        "longitudeE7" : 748635259,
        "placeId" : "ChIJZYJODBhaozsRdmp0TurVoyA",
        "address" : "Shradhananda Ashram Road\nPadua\nnear Padua College\nKadri Hills, Kadri\nMangalore, Karnataka 575005\nIndia",
        "name" : "Eden Aquatic and Sports Foundations",
        "semanticType" : "TYPE_HOME",
        "sourceInfo" : {
          "deviceTag" : -1399941663
        },
        "locationConfidence" : 84.82113
      },
      "duration" : {
        "startTimestampMs" : "1623898540896",
        "endTimestampMs" : "1625021543577"
      },
      "placeConfidence" : "HIGH_CONFIDENCE",
      "centerLatE7" : 128887743,
      "centerLngE7" : 748629104,
      "visitConfidence" : 90,
      "otherCandidateLocations" : [ {
        "latitudeE7" : 128886989,
        "longitudeE7" : 748629702,
        "placeId" : "ChIJE5-HSGFbozsRAJkMiD4bPoM",
        "locationConfidence" : 7.3738666
      }, {
        "latitudeE7" : 128890200,
        "longitudeE7" : 748629490,
        "placeId" : "ChIJN50sBBhaozsRa7xlVLZE8KY",
        "semanticType" : "TYPE_SEARCHED_ADDRESS",
        "locationConfidence" : 1.2734163
      }, {
        "latitudeE7" : 128891920,
        "longitudeE7" : 748628830,
        "placeId" : "ChIJpYzzBBhaozsRG8sordzEw5o",
        "semanticType" : "TYPE_SEARCHED_ADDRESS",
        "locationConfidence" : 0.74597454
      }, {
        "latitudeE7" : 128895912,
        "longitudeE7" : 748638000,
        "placeId" : "ChIJ241tHQdbozsRBF-9yujzNBs",
        "locationConfidence" : 0.34730026
      } ],
      "editConfirmationStatus" : "NOT_CONFIRMED"
    }
  }, {
    "activitySegment" : {
      "startLocation" : {
        "latitudeE7" : 128888184,
        "longitudeE7" : 748629595,
        "sourceInfo" : {
          "deviceTag" : -1399941663
        }
      },
      "endLocation" : {
        "latitudeE7" : 128781880,
        "longitudeE7" : 748507941,
        "sourceInfo" : {
          "deviceTag" : -1399941663
        }
      },
      "duration" : {
        "startTimestampMs" : "1625021543577",
        "endTimestampMs" : "1625022162361"
      },
      "distance" : 1770,
      "activityType" : "IN_PASSENGER_VEHICLE",
      "confidence" : "MEDIUM",
      "activities" : [ {
        "activityType" : "IN_PASSENGER_VEHICLE",
        "probability" : 64.52016830444336
      }, {
        "activityType" : "MOTORCYCLING",
        "probability" : 32.150647044181824
      }, {
        "activityType" : "WALKING",
        "probability" : 2.434023842215538
      }, {
        "activityType" : "CYCLING",
        "probability" : 0.4918790888041258
      }, {
        "activityType" : "STILL",
        "probability" : 0.1395998289808631
      }, {
        "activityType" : "IN_BUS",
        "probability" : 0.13218533713370562
      }, {
        "activityType" : "RUNNING",
        "probability" : 0.06558839813806117
      }, {
        "activityType" : "IN_FERRY",
        "probability" : 0.02356830082135275
      }, {
        "activityType" : "FLYING",
        "probability" : 0.021641080093104392
      }, {
        "activityType" : "SKIING",
        "probability" : 0.00800727866590023
      }, {
        "activityType" : "IN_TRAIN",
        "probability" : 0.0057106357417069376
      }, {
        "activityType" : "SAILING",
        "probability" : 0.004445960803423077
      }, {
        "activityType" : "IN_SUBWAY",
        "probability" : 0.00251740675594192
      }, {
        "activityType" : "IN_TRAM",
        "probability" : 1.6529585877833597E-5
      }, {
        "activityType" : "IN_VEHICLE",
        "probability" : 8.412086138775976E-7
      } ],
      "waypointPath" : {
        "waypoints" : [ {
          "latE7" : 128888063,
          "lngE7" : 748629455
        }, {
          "latE7" : 128839788,
          "lngE7" : 748638458
        }, {
          "latE7" : 128781929,
          "lngE7" : 748507843
        } ]
      },
      "parkingEvent" : {
        "timestampMs" : "1625022243230",
        "location" : {
          "latitudeE7" : 128782228,
          "longitudeE7" : 748508730,
          "accuracyMetres" : 137
        }
      }
    }
  }, {
    "placeVisit" : {
      "location" : {
        "latitudeE7" : 128781784,
        "longitudeE7" : 748510012,
        "placeId" : "ChIJbfGXdDhaozsRj1b2PyyFJSw",
        "address" : "G-1\nInland Monarch Apartments\nKadri Rd\nopp. Karnataka Bank\nKadri\nMangalore, Karnataka 575003\nIndia",
        "name" : "Naturals Ice Cream",
        "sourceInfo" : {
          "deviceTag" : -1399941663
        },
        "locationConfidence" : 89.59961
      },
      "duration" : {
        "startTimestampMs" : "1625022162361",
        "endTimestampMs" : "1625025571566"
      },
      "placeConfidence" : "MEDIUM_CONFIDENCE",
      "centerLatE7" : 128782394,
      "centerLngE7" : 748508225,
      "visitConfidence" : 94,
      "otherCandidateLocations" : [ {
        "latitudeE7" : 128781528,
        "longitudeE7" : 748509813,
        "placeId" : "ChIJ-4pBaThaozsRa9o5CCddF6w",
        "locationConfidence" : 3.9408426
      }, {
        "latitudeE7" : 128780791,
        "longitudeE7" : 748509509,
        "placeId" : "ChIJB_E8CzhaozsRjSAYBrBM5ls",
        "locationConfidence" : 1.5512637
      }, {
        "latitudeE7" : 128781825,
        "longitudeE7" : 748511105,
        "placeId" : "ChIJpcJIQ0daozsRCIOrlhuJ8oY",
        "locationConfidence" : 1.2281715
      }, {
        "latitudeE7" : 128781492,
        "longitudeE7" : 748509881,
        "placeId" : "ChIJEZU1CzhaozsRfL5CNw6XrhA",
        "locationConfidence" : 0.84025925
      }, {
        "latitudeE7" : 128784902,
        "longitudeE7" : 748510055,
        "placeId" : "ChIJkSszGeVbozsR_Snrm2tOT10",
        "locationConfidence" : 0.5024516
      } ],
      "editConfirmationStatus" : "NOT_CONFIRMED"
    }
  }, {
    "activitySegment" : {
      "startLocation" : {
        "latitudeE7" : 128779992,
        "longitudeE7" : 748504990,
        "sourceInfo" : {
          "deviceTag" : -1399941663
        }
      },
      "endLocation" : {
        "latitudeE7" : 128808353,
        "longitudeE7" : 748592160,
        "sourceInfo" : {
          "deviceTag" : -1399941663
        }
      },
      "duration" : {
        "startTimestampMs" : "1625025571566",
        "endTimestampMs" : "1625025790363"
      },
      "distance" : 996,
      "activityType" : "IN_PASSENGER_VEHICLE",
      "confidence" : "MEDIUM",
      "activities" : [ {
        "activityType" : "IN_PASSENGER_VEHICLE",
        "probability" : 64.03305530548096
      }, {
        "activityType" : "MOTORCYCLING",
        "probability" : 33.63581895828247
      }, {
        "activityType" : "WALKING",
        "probability" : 1.2936728075146675
      }, {
        "activityType" : "CYCLING",
        "probability" : 0.5716292187571526
      }, {
        "activityType" : "STILL",
        "probability" : 0.273244408890605
      }, {
        "activityType" : "RUNNING",
        "probability" : 0.09090006351470947
      }, {
        "activityType" : "IN_BUS",
        "probability" : 0.06330962060019374
      }, {
        "activityType" : "IN_FERRY",
        "probability" : 0.01570085878483951
      }, {
        "activityType" : "FLYING",
        "probability" : 0.01301345182582736
      }, {
        "activityType" : "SAILING",
        "probability" : 0.005364405296859331
      }, {
        "activityType" : "SKIING",
        "probability" : 0.0017831262084655464
      }, {
        "activityType" : "IN_TRAIN",
        "probability" : 0.0016604910342721269
      }, {
        "activityType" : "IN_SUBWAY",
        "probability" : 8.275234904431272E-4
      }, {
        "activityType" : "IN_TRAM",
        "probability" : 1.47177289022693E-5
      }, {
        "activityType" : "IN_VEHICLE",
        "probability" : 7.608561958249993E-6
      } ],
      "waypointPath" : {
        "waypoints" : [ {
          "latE7" : 128779773,
          "lngE7" : 748505172
        }, {
          "latE7" : 128797149,
          "lngE7" : 748554153
        }, {
          "latE7" : 128807477,
          "lngE7" : 748593063
        } ]
      },
      "parkingEvent" : {
        "timestampMs" : "1625025873934",
        "location" : {
          "latitudeE7" : 128806733,
          "longitudeE7" : 748592595,
          "accuracyMetres" : 95
        }
      }
    }
  }, {
    "placeVisit" : {
      "location" : {
        "latitudeE7" : 128809740,
        "longitudeE7" : 748591610,
        "placeId" : "ChIJJfSZpjtaozsRwfBcwwn2bsc",
        "address" : "MN Towers\nShivbagh Rd\nShivabagh, Kadri\nMangalore, Karnataka 575002\nIndia",
        "name" : "Adlabs",
        "sourceInfo" : {
          "deviceTag" : -1399941663
        },
        "locationConfidence" : 44.89223
      },
      "duration" : {
        "startTimestampMs" : "1625025790363",
        "endTimestampMs" : "1625026130522"
      },
      "placeConfidence" : "LOW_CONFIDENCE",
      "centerLatE7" : 128807533,
      "centerLngE7" : 748592433,
      "visitConfidence" : 71,
      "otherCandidateLocations" : [ {
        "latitudeE7" : 128805232,
        "longitudeE7" : 748592475,
        "placeId" : "ChIJu6xmgtNbozsRQo5dXNsse1k",
        "locationConfidence" : 23.865953
      }, {
        "latitudeE7" : 128809000,
        "longitudeE7" : 748592000,
        "placeId" : "ChIJN3aNpjtaozsRJ_N51xCeYXs",
        "locationConfidence" : 14.3940525
      }, {
        "latitudeE7" : 128808093,
        "longitudeE7" : 748595930,
        "placeId" : "ChIJw3k2BjtaozsRibSaXIx1t9M",
        "locationConfidence" : 4.2531657
      }, {
        "latitudeE7" : 128809000,
        "longitudeE7" : 748592000,
        "placeId" : "ChIJa7ubpjtaozsRQXFjiOiwjw0",
        "locationConfidence" : 2.7388582
      }, {
        "latitudeE7" : 128808863,
        "longitudeE7" : 748594183,
        "placeId" : "ChIJIzOMpztaozsRdFm7ELbqXGc",
        "locationConfidence" : 2.0425682
      }, {
        "latitudeE7" : 128805681,
        "longitudeE7" : 748594812,
        "placeId" : "ChIJZQ06qDtaozsRMy6M9J1uuZA",
        "locationConfidence" : 1.8070134
      }, {
        "latitudeE7" : 128809301,
        "longitudeE7" : 748591118,
        "placeId" : "ChIJ-5AppDtaozsRGRhOrQlnYNo",
        "locationConfidence" : 1.8059111
      }, {
        "latitudeE7" : 128806894,
        "longitudeE7" : 748589977,
        "placeId" : "ChIJnUReDFBbozsRXeFblWJew5A",
        "locationConfidence" : 0.75869006
      }, {
        "latitudeE7" : 128801635,
        "longitudeE7" : 748591461,
        "placeId" : "ChIJ73WCrDtaozsRjVC673UXRWE",
        "locationConfidence" : 0.71581715
      } ],
      "editConfirmationStatus" : "NOT_CONFIRMED"
    }
  }, {
    "activitySegment" : {
      "startLocation" : {
        "latitudeE7" : 128807621,
        "longitudeE7" : 748592726,
        "sourceInfo" : {
          "deviceTag" : -1399941663
        }
      },
      "endLocation" : {
        "latitudeE7" : 128887010,
        "longitudeE7" : 748629176,
        "sourceInfo" : {
          "deviceTag" : -1399941663
        }
      },
      "duration" : {
        "startTimestampMs" : "1625026130522",
        "endTimestampMs" : "1625026430446"
      },
      "distance" : 967,
      "activityType" : "IN_PASSENGER_VEHICLE",
      "confidence" : "MEDIUM",
      "activities" : [ {
        "activityType" : "IN_PASSENGER_VEHICLE",
        "probability" : 68.04611682891846
      }, {
        "activityType" : "MOTORCYCLING",
        "probability" : 29.04466688632965
      }, {
        "activityType" : "WALKING",
        "probability" : 1.367864664644003
      }, {
        "activityType" : "CYCLING",
        "probability" : 0.8924635127186775
      }, {
        "activityType" : "STILL",
        "probability" : 0.45466399751603603
      }, {
        "activityType" : "IN_BUS",
        "probability" : 0.07189973839558661
      }, {
        "activityType" : "RUNNING",
        "probability" : 0.06635591271333396
      }, {
        "activityType" : "IN_FERRY",
        "probability" : 0.024913885863497853
      }, {
        "activityType" : "FLYING",
        "probability" : 0.015132928092498332
      }, {
        "activityType" : "SKIING",
        "probability" : 0.004963332321494818
      }, {
        "activityType" : "SAILING",
        "probability" : 0.004557868305710144
      }, {
        "activityType" : "IN_TRAIN",
        "probability" : 0.003695195118780248
      }, {
        "activityType" : "IN_SUBWAY",
        "probability" : 0.0026223005988867953
      }, {
        "activityType" : "IN_VEHICLE",
        "probability" : 6.249783837120049E-5
      }, {
        "activityType" : "IN_TRAM",
        "probability" : 3.252000908560149E-5
      } ],
      "waypointPath" : {
        "waypoints" : [ {
          "latE7" : 128807411,
          "lngE7" : 748592987
        }, {
          "latE7" : 128838834,
          "lngE7" : 748635711
        }, {
          "latE7" : 128886213,
          "lngE7" : 748629837
        } ]
      },
      "parkingEvent" : {
        "timestampMs" : "1625026585794",
        "location" : {
          "latitudeE7" : 128887613,
          "longitudeE7" : 748629377,
          "accuracyMetres" : 120
        }
      }
    }
  }, {
    "placeVisit" : {
      "location" : {
        "latitudeE7" : 128891859,
        "longitudeE7" : 748635259,
        "placeId" : "ChIJZYJODBhaozsRdmp0TurVoyA",
        "address" : "Shradhananda Ashram Road\nPadua\nnear Padua College\nKadri Hills, Kadri\nMangalore, Karnataka 575005\nIndia",
        "name" : "Eden Aquatic and Sports Foundations",
        "semanticType" : "TYPE_HOME",
        "sourceInfo" : {
          "deviceTag" : -1399941663
        },
        "locationConfidence" : 87.56113
      },
      "duration" : {
        "startTimestampMs" : "1625026430446",
        "endTimestampMs" : "1626751130317"
      },
      "placeConfidence" : "HIGH_CONFIDENCE",
      "centerLatE7" : 128888234,
      "centerLngE7" : 748629349,
      "visitConfidence" : 88,
      "otherCandidateLocations" : [ {
        "latitudeE7" : 128886989,
        "longitudeE7" : 748629702,
        "placeId" : "ChIJE5-HSGFbozsRAJkMiD4bPoM",
        "locationConfidence" : 6.8544254
      }, {
        "latitudeE7" : 128890200,
        "longitudeE7" : 748629490,
        "placeId" : "ChIJN50sBBhaozsRa7xlVLZE8KY",
        "semanticType" : "TYPE_SEARCHED_ADDRESS",
        "locationConfidence" : 1.4118934
      }, {
        "latitudeE7" : 128891920,
        "longitudeE7" : 748628830,
        "placeId" : "ChIJpYzzBBhaozsRG8sordzEw5o",
        "semanticType" : "TYPE_SEARCHED_ADDRESS",
        "locationConfidence" : 0.6743575
      }, {
        "latitudeE7" : 128895912,
        "longitudeE7" : 748638000,
        "placeId" : "ChIJ241tHQdbozsRBF-9yujzNBs",
        "locationConfidence" : 0.31806046
      } ],
      "editConfirmationStatus" : "NOT_CONFIRMED"
    }
  } ]
}